timestamp,frame,tipo,descricao,track_id,classe,confianca,camera,screenshot,clip,causa_principal,causa_confianca,cenarios_ativos,distribuicao_causas
2026-09-11T19:15:34.255067,59,INVASAO_FAIXA,Cruzou Linha de Retencao,97,Caminhao,0.76,Camera 1,C:\Users\Joice\frontend cognimove\CogniMove\backend\outputs\evidencias\screenshots\INVASAO_FAIXA_20260911_191534_ID97.jpg,C:\Users\Joice\frontend cognimove\CogniMove\backend\outputs\evidencias\clips\INVASAO_FAIXA_20260911_191534_ID97.mp4,Pintura desgastada / ausente,0.35,,"{""Pintura desgastada / ausente"": 0.35, ""Sinalização pouco visível"": 0.25, ""Ausência de segregador físico"": 0.2, ""Conduta do condutor"": 0.2}"
2026-09-11T19:15:37.750027,77,INVASAO_FAIXA,Cruzou Linha de Retencao,108,Carro,0.826,Camera 1,C:\Users\Joice\frontend cognimove\CogniMove\backend\outputs\evidencias\screenshots\INVASAO_FAIXA_20260911_191537_ID108.jpg,C:\Users\Joice\frontend cognimove\CogniMove\backend\outputs\evidencias\clips\INVASAO_FAIXA_20260911_191537_ID108.mp4,Pintura desgastada / ausente,0.35,,"{""Pintura desgastada / ausente"": 0.35, ""Sinalização pouco visível"": 0.25, ""Ausência de segregador físico"": 0.2, ""Conduta do condutor"": 0.2}"
2026-09-11T19:16:14.962890,263,INVASAO_FAIXA,Cruzou Linha de Retencao,400,Carro,0.615,Camera 1,C:\Users\Joice\frontend cognimove\CogniMove\backend\outputs\evidencias\screenshots\INVASAO_FAIXA_20260911_191614_ID400.jpg,C:\Users\Joice\frontend cognimove\CogniMove\backend\outputs\evidencias\clips\INVASAO_FAIXA_20260911_191614_ID400.mp4,Pintura desgastada / ausente,0.35,,"{""Pintura desgastada / ausente"": 0.35, ""Sinalização pouco visível"": 0.25, ""Ausência de segregador físico"": 0.2, ""Conduta do condutor"": 0.2}"
2026-09-11T19:16:19.522083,278,INVASAO_FAIXA,Cruzou Linha de Retencao,397,Carro,0.436,Camera 1,C:\Users\Joice\frontend cognimove\CogniMove\backend\outputs\evidencias\screenshots\INVASAO_FAIXA_20260911_191619_ID397.jpg,C:\Users\Joice\frontend cognimove\CogniMove\backend\outputs\evidencias\clips\INVASAO_FAIXA_20260911_191619_ID397.mp4,Pintura desgastada / ausente,0.35,,"{""Pintura desgastada / ausente"": 0.35, ""Sinalização pouco visível"": 0.25, ""Ausência de segregador físico"": 0.2, ""Conduta do condutor"": 0.2}"
2026-09-11T19:16:24.803169,295,INVASAO_FAIXA,Cruzou Linha de Retencao,432,Carro,0.513,Camera 1,C:\Users\Joice\frontend cognimove\CogniMove\backend\outputs\evidencias\screenshots\INVASAO_FAIXA_20260911_191624_ID432.jpg,C:\Users\Joice\frontend cognimove\CogniMove\backend\outputs\evidencias\clips\INVASAO_FAIXA_20260911_191624_ID432.mp4,Pintura desgastada / ausente,0.35,,"{""Pintura desgastada / ausente"": 0.35, ""Sinalização pouco visível"": 0.25, ""Ausência de segregador físico"": 0.2, ""Conduta do condutor"": 0.2}"
2026-09-11T19:16:30.158188,311,INVASAO_FAIXA,Cruzou Linha de Retencao,447,Carro,0.456,Camera 1,C:\Users\Joice\frontend cognimove\CogniMove\backend\outputs\evidencias\screenshots\INVASAO_FAIXA_20260911_191630_ID447.jpg,C:\Users\Joice\frontend cognimove\CogniMove\backend\outputs\evidencias\clips\INVASAO_FAIXA_20260911_191630_ID447.mp4,Pintura desgastada / ausente,0.35,,"{""Pintura desgastada / ausente"": 0.35, ""Sinalização pouco visível"": 0.25, ""Ausência de segregador físico"": 0.2, ""Conduta do condutor"": 0.2}"
2026-09-11T19:16:32.444700,318,INVASAO_FAIXA,Cruzou Linha de Retencao,451,Carro,0.577,Camera 1,C:\Users\Joice\frontend cognimove\CogniMove\backend\outputs\evidencias\screenshots\INVASAO_FAIXA_20260911_191632_ID451.jpg,C:\Users\Joice\frontend cognimove\CogniMove\backend\outputs\evidencias\clips\INVASAO_FAIXA_20260911_191632_ID451.mp4,Pintura desgastada / ausente,0.35,,"{""Pintura desgastada / ausente"": 0.35, ""Sinalização pouco visível"": 0.25, ""Ausência de segregador físico"": 0.2, ""Conduta do condutor"": 0.2}"
2026-09-11T19:16:36.884685,330,INVASAO_FAIXA,Cruzou Linha de Retencao,466,Caminhao,0.369,Camera 1,C:\Users\Joice\frontend cognimove\CogniMove\backend\outputs\evidencias\screenshots\INVASAO_FAIXA_20260911_191636_ID466.jpg,C:\Users\Joice\frontend cognimove\CogniMove\backend\outputs\evidencias\clips\INVASAO_FAIXA_20260911_191636_ID466.mp4,Pintura desgastada / ausente,0.35,,"{""Pintura desgastada / ausente"": 0.35, ""Sinalização pouco visível"": 0.25, ""Ausência de segregador físico"": 0.2, ""Conduta do condutor"": 0.2}"
2026-09-11T19:16:40.633690,341,INVASAO_FAIXA,Cruzou Linha de Retencao,486,Carro,0.598,Camera 1,C:\Users\Joice\frontend cognimove\CogniMove\backend\outputs\evidencias\screenshots\INVASAO_FAIXA_20260911_191640_ID486.jpg,C:\Users\Joice\frontend cognimove\CogniMove\backend\outputs\evidencias\clips\INVASAO_FAIXA_20260911_191640_ID486.mp4,Pintura desgastada / ausente,0.35,,"{""Pintura desgastada / ausente"": 0.35, ""Sinalização pouco visível"": 0.25, ""Ausência de segregador físico"": 0.2, ""Conduta do condutor"": 0.2}"
2026-09-11T19:16:47.890830,365,INVASAO_FAIXA,Cruzou Linha de Retencao,475,Carro,0.578,Camera 1,C:\Users\Joice\frontend cognimove\CogniMove\backend\outputs\evidencias\screenshots\INVASAO_FAIXA_20260911_191647_ID475.jpg,C:\Users\Joice\frontend cognimove\CogniMove\backend\outputs\evidencias\clips\INVASAO_FAIXA_20260911_191647_ID475.mp4,Pintura desgastada / ausente,0.35,,"{""Pintura desgastada / ausente"": 0.35, ""Sinalização pouco visível"": 0.25, ""Ausência de segregador físico"": 0.2, ""Conduta do condutor"": 0.2}"
2026-09-11T19:17:05.962995,427,INVASAO_FAIXA,Cruzou Linha de Retencao,567,Onibus,0.254,Camera 1,C:\Users\Joice\frontend cognimove\CogniMove\backend\outputs\evidencias\screenshots\INVASAO_FAIXA_20260911_191705_ID567.jpg,C:\Users\Joice\frontend cognimove\CogniMove\backend\outputs\evidencias\clips\INVASAO_FAIXA_20260911_191705_ID567.mp4,Pintura desgastada / ausente,0.35,,"{""Pintura desgastada / ausente"": 0.35, ""Sinalização pouco visível"": 0.25, ""Ausência de segregador físico"": 0.2, ""Conduta do condutor"": 0.2}"
2026-09-11T19:17:08.511170,437,INVASAO_FAIXA,Cruzou Linha de Retencao,570,Caminhao,0.693,Camera 1,C:\Users\Joice\frontend cognimove\CogniMove\backend\outputs\evidencias\screenshots\INVASAO_FAIXA_20260911_191708_ID570.jpg,C:\Users\Joice\frontend cognimove\CogniMove\backend\outputs\evidencias\clips\INVASAO_FAIXA_20260911_191708_ID570.mp4,Pintura desgastada / ausente,0.35,,"{""Pintura desgastada / ausente"": 0.35, ""Sinalização pouco visível"": 0.25, ""Ausência de segregador físico"": 0.2, ""Conduta do condutor"": 0.2}"
2026-09-11T19:17:11.251406,447,INVASAO_FAIXA,Cruzou Linha de Retencao,587,Carro,0.307,Camera 1,C:\Users\Joice\frontend cognimove\CogniMove\backend\outputs\evidencias\screenshots\INVASAO_FAIXA_20260911_191711_ID587.jpg,C:\Users\Joice\frontend cognimove\CogniMove\backend\outputs\evidencias\clips\INVASAO_FAIXA_20260911_191711_ID587.mp4,Pintura desgastada / ausente,0.35,,"{""Pintura desgastada / ausente"": 0.35, ""Sinalização pouco visível"": 0.25, ""Ausência de segregador físico"": 0.2, ""Conduta do condutor"": 0.2}"
2026-09-11T19:17:14.216895,458,INVASAO_FAIXA,Cruzou Linha de Retencao,598,Caminhao,0.553,Camera 1,C:\Users\Joice\frontend cognimove\CogniMove\backend\outputs\evidencias\screenshots\INVASAO_FAIXA_20260911_191714_ID598.jpg,C:\Users\Joice\frontend cognimove\CogniMove\backend\outputs\evidencias\clips\INVASAO_FAIXA_20260911_191714_ID598.mp4,Pintura desgastada / ausente,0.35,,"{""Pintura desgastada / ausente"": 0.35, ""Sinalização pouco visível"": 0.25, ""Ausência de segregador físico"": 0.2, ""Conduta do condutor"": 0.2}"
2026-09-11T19:17:17.240402,467,INVASAO_FAIXA,Cruzou Linha de Retencao,613,Carro,0.623,Camera 1,C:\Users\Joice\frontend cognimove\CogniMove\backend\outputs\evidencias\screenshots\INVASAO_FAIXA_20260911_191717_ID613.jpg,C:\Users\Joice\frontend cognimove\CogniMove\backend\outputs\evidencias\clips\INVASAO_FAIXA_20260911_191717_ID613.mp4,Pintura desgastada / ausente,0.35,,"{""Pintura desgastada / ausente"": 0.35, ""Sinalização pouco visível"": 0.25, ""Ausência de segregador físico"": 0.2, ""Conduta do condutor"": 0.2}"
2026-09-11T19:17:17.894113,469,INVASAO_FAIXA,Cruzou Linha de Retencao,611,Carro,0.519,Camera 1,C:\Users\Joice\frontend cognimove\CogniMove\backend\outputs\evidencias\screenshots\INVASAO_FAIXA_20260911_191717_ID611.jpg,C:\Users\Joice\frontend cognimove\CogniMove\backend\outputs\evidencias\clips\INVASAO_FAIXA_20260911_191717_ID611.mp4,Pintura desgastada / ausente,0.35,,"{""Pintura desgastada / ausente"": 0.35, ""Sinalização pouco visível"": 0.25, ""Ausência de segregador físico"": 0.2, ""Conduta do condutor"": 0.2}"
2026-09-11T19:17:21.629595,479,INVASAO_FAIXA,Cruzou Linha de Retencao,632,Carro,0.536,Camera 1,C:\Users\Joice\frontend cognimove\CogniMove\backend\outputs\evidencias\screenshots\INVASAO_FAIXA_20260911_191721_ID632.jpg,C:\Users\Joice\frontend cognimove\CogniMove\backend\outputs\evidencias\clips\INVASAO_FAIXA_20260911_191721_ID632.mp4,Pintura desgastada / ausente,0.35,,"{""Pintura desgastada / ausente"": 0.35, ""Sinalização pouco visível"": 0.25, ""Ausência de segregador físico"": 0.2, ""Conduta do condutor"": 0.2}"
2026-09-11T19:18:04.426948,602,INVASAO_FAIXA,Cruzou Linha de Retencao,800,Carro,0.745,Camera 1,C:\Users\Joice\frontend cognimove\CogniMove\backend\outputs\evidencias\screenshots\INVASAO_FAIXA_20260911_191804_ID800.jpg,C:\Users\Joice\frontend cognimove\CogniMove\backend\outputs\evidencias\clips\INVASAO_FAIXA_20260911_191804_ID800.mp4,Pintura desgastada / ausente,0.35,,"{""Pintura desgastada / ausente"": 0.35, ""Sinalização pouco visível"": 0.25, ""Ausência de segregador físico"": 0.2, ""Conduta do condutor"": 0.2}"
2026-09-11T19:18:13.167176,632,INVASAO_FAIXA,Cruzou Linha de Retencao,839,Carro,0.74,Camera 1,C:\Users\Joice\frontend cognimove\CogniMove\backend\outputs\evidencias\screenshots\INVASAO_FAIXA_20260911_191813_ID839.jpg,C:\Users\Joice\frontend cognimove\CogniMove\backend\outputs\evidencias\clips\INVASAO_FAIXA_20260911_191813_ID839.mp4,Pintura desgastada / ausente,0.35,,"{""Pintura desgastada / ausente"": 0.35, ""Sinalização pouco visível"": 0.25, ""Ausência de segregador físico"": 0.2, ""Conduta do condutor"": 0.2}"
2026-09-11T19:18:20.310747,651,INVASAO_FAIXA,Cruzou Linha de Retencao,880,Carro,0.758,Camera 1,C:\Users\Joice\frontend cognimove\CogniMove\backend\outputs\evidencias\screenshots\INVASAO_FAIXA_20260911_191820_ID880.jpg,C:\Users\Joice\frontend cognimove\CogniMove\backend\outputs\evidencias\clips\INVASAO_FAIXA_20260911_191820_ID880.mp4,Pintura desgastada / ausente,0.35,,"{""Pintura desgastada / ausente"": 0.35, ""Sinalização pouco visível"": 0.25, ""Ausência de segregador físico"": 0.2, ""Conduta do condutor"": 0.2}"
2026-09-11T19:18:22.652322,661,INVASAO_FAIXA,Cruzou Linha de Retencao,131,Caminhao,0.676,Camera 1,C:\Users\Joice\frontend cognimove\CogniMove\backend\outputs\evidencias\screenshots\INVASAO_FAIXA_20260911_191822_ID131.jpg,C:\Users\Joice\frontend cognimove\CogniMove\backend\outputs\evidencias\clips\INVASAO_FAIXA_20260911_191822_ID131.mp4,Pintura desgastada / ausente,0.35,,"{""Pintura desgastada / ausente"": 0.35, ""Sinalização pouco visível"": 0.25, ""Ausência de segregador físico"": 0.2, ""Conduta do condutor"": 0.2}"
2026-09-11T19:18:23.587296,665,INVASAO_FAIXA,Cruzou Linha de Retencao,919,Carro,0.807,Camera 1,C:\Users\Joice\frontend cognimove\CogniMove\backend\outputs\evidencias\screenshots\INVASAO_FAIXA_20260911_191823_ID919.jpg,C:\Users\Joice\frontend cognimove\CogniMove\backend\outputs\evidencias\clips\INVASAO_FAIXA_20260911_191823_ID919.mp4,Pintura desgastada / ausente,0.35,,"{""Pintura desgastada / ausente"": 0.35, ""Sinalização pouco visível"": 0.25, ""Ausência de segregador físico"": 0.2, ""Conduta do condutor"": 0.2}"
2026-09-11T19:18:31.285165,701,INVASAO_FAIXA,Cruzou Linha de Retencao,986,Carro,0.839,Camera 1,C:\Users\Joice\frontend cognimove\CogniMove\backend\outputs\evidencias\screenshots\INVASAO_FAIXA_20260911_191831_ID986.jpg,C:\Users\Joice\frontend cognimove\CogniMove\backend\outputs\evidencias\clips\INVASAO_FAIXA_20260911_191831_ID986.mp4,Pintura desgastada / ausente,0.35,,"{""Pintura desgastada / ausente"": 0.35, ""Sinalização pouco visível"": 0.25, ""Ausência de segregador físico"": 0.2, ""Conduta do condutor"": 0.2}"
2026-09-11T19:18:41.140644,730,INVASAO_FAIXA,Cruzou Linha de Retencao,1025,Carro,0.659,Camera 1,C:\Users\Joice\frontend cognimove\CogniMove\backend\outputs\evidencias\screenshots\INVASAO_FAIXA_20260911_191841_ID1025.jpg,C:\Users\Joice\frontend cognimove\CogniMove\backend\outputs\evidencias\clips\INVASAO_FAIXA_20260911_191841_ID1025.mp4,Pintura desgastada / ausente,0.35,,"{""Pintura desgastada / ausente"": 0.35, ""Sinalização pouco visível"": 0.25, ""Ausência de segregador físico"": 0.2, ""Conduta do condutor"": 0.2}"
2026-09-11T19:18:51.340962,760,INVASAO_FAIXA,Cruzou Linha de Retencao,1025,Carro,0.747,Camera 1,C:\Users\Joice\frontend cognimove\CogniMove\backend\outputs\evidencias\screenshots\INVASAO_FAIXA_20260911_191851_ID1025.jpg,C:\Users\Joice\frontend cognimove\CogniMove\backend\outputs\evidencias\clips\INVASAO_FAIXA_20260911_191851_ID1025.mp4,Pintura desgastada / ausente,0.35,,"{""Pintura desgastada / ausente"": 0.35, ""Sinalização pouco visível"": 0.25, ""Ausência de segregador físico"": 0.2, ""Conduta do condutor"": 0.2}"
2026-09-11T19:19:00.175829,787,INVASAO_FAIXA,Cruzou Linha de Retencao,1130,Carro,0.661,Camera 1,C:\Users\Joice\frontend cognimove\CogniMove\backend\outputs\evidencias\screenshots\INVASAO_FAIXA_20260911_191900_ID1130.jpg,C:\Users\Joice\frontend cognimove\CogniMove\backend\outputs\evidencias\clips\INVASAO_FAIXA_20260911_191900_ID1130.mp4,Pintura desgastada / ausente,0.35,,"{""Pintura desgastada / ausente"": 0.35, ""Sinalização pouco visível"": 0.25, ""Ausência de segregador físico"": 0.2, ""Conduta do condutor"": 0.2}"
2026-09-11T19:19:07.719857,808,INVASAO_FAIXA,Cruzou Linha de Retencao,1025,Carro,0.418,Camera 1,C:\Users\Joice\frontend cognimove\CogniMove\backend\outputs\evidencias\screenshots\INVASAO_FAIXA_20260911_191907_ID1025.jpg,C:\Users\Joice\frontend cognimove\CogniMove\backend\outputs\evidencias\clips\INVASAO_FAIXA_20260911_191907_ID1025.mp4,Pintura desgastada / ausente,0.35,,"{""Pintura desgastada / ausente"": 0.35, ""Sinalização pouco visível"": 0.25, ""Ausência de segregador físico"": 0.2, ""Conduta do condutor"": 0.2}"
2026-09-11T19:20:08.754451,1041,INVASAO_FAIXA,Cruzou Linha de Retencao,1492,Carro,0.788,Camera 1,C:\Users\Joice\frontend cognimove\CogniMove\backend\outputs\evidencias\screenshots\INVASAO_FAIXA_20260911_192008_ID1492.jpg,C:\Users\Joice\frontend cognimove\CogniMove\backend\outputs\evidencias\clips\INVASAO_FAIXA_20260911_192008_ID1492.mp4,Pintura desgastada / ausente,0.35,,"{""Pintura desgastada / ausente"": 0.35, ""Sinalização pouco visível"": 0.25, ""Ausência de segregador físico"": 0.2, ""Conduta do condutor"": 0.2}"
2026-09-11T19:20:09.792325,1045,INVASAO_FAIXA,Cruzou Linha de Retencao,1490,Carro,0.696,Camera 1,C:\Users\Joice\frontend cognimove\CogniMove\backend\outputs\evidencias\screenshots\INVASAO_FAIXA_20260911_192009_ID1490.jpg,C:\Users\Joice\frontend cognimove\CogniMove\backend\outputs\evidencias\clips\INVASAO_FAIXA_20260911_192009_ID1490.mp4,Pintura desgastada / ausente,0.35,,"{""Pintura desgastada / ausente"": 0.35, ""Sinalização pouco visível"": 0.25, ""Ausência de segregador físico"": 0.2, ""Conduta do condutor"": 0.2}"
2026-09-11T19:20:16.079007,1076,INVASAO_FAIXA,Cruzou Linha de Retencao,1508,Carro,0.366,Camera 1,C:\Users\Joice\frontend cognimove\CogniMove\backend\outputs\evidencias\screenshots\INVASAO_FAIXA_20260911_192016_ID1508.jpg,C:\Users\Joice\frontend cognimove\CogniMove\backend\outputs\evidencias\clips\INVASAO_FAIXA_20260911_192016_ID1508.mp4,Pintura desgastada / ausente,0.35,,"{""Pintura desgastada / ausente"": 0.35, ""Sinalização pouco visível"": 0.25, ""Ausência de segregador físico"": 0.2, ""Conduta do condutor"": 0.2}"
2026-09-11T19:20:17.244134,1081,INVASAO_FAIXA,Cruzou Linha de Retencao,1515,Carro,0.682,Camera 1,C:\Users\Joice\frontend cognimove\CogniMove\backend\outputs\evidencias\screenshots\INVASAO_FAIXA_20260911_192017_ID1515.jpg,C:\Users\Joice\frontend cognimove\CogniMove\backend\outputs\evidencias\clips\INVASAO_FAIXA_20260911_192017_ID1515.mp4,Pintura desgastada / ausente,0.35,,"{""Pintura desgastada / ausente"": 0.35, ""Sinalização pouco visível"": 0.25, ""Ausência de segregador físico"": 0.2, ""Conduta do condutor"": 0.2}"
2026-09-11T19:20:19.902138,1094,INVASAO_FAIXA,Cruzou Linha de Retencao,1523,Carro,0.631,Camera 1,C:\Users\Joice\frontend cognimove\CogniMove\backend\outputs\evidencias\screenshots\INVASAO_FAIXA_20260911_192019_ID1523.jpg,C:\Users\Joice\frontend cognimove\CogniMove\backend\outputs\evidencias\clips\INVASAO_FAIXA_20260911_192019_ID1523.mp4,Pintura desgastada / ausente,0.35,,"{""Pintura desgastada / ausente"": 0.35, ""Sinalização pouco visível"": 0.25, ""Ausência de segregador físico"": 0.2, ""Conduta do condutor"": 0.2}"
2026-09-11T19:20:34.413659,1145,INVASAO_FAIXA,Cruzou Linha de Retencao,1533,Carro,0.441,Camera 1,C:\Users\Joice\frontend cognimove\CogniMove\backend\outputs\evidencias\screenshots\INVASAO_FAIXA_20260911_192034_ID1533.jpg,C:\Users\Joice\frontend cognimove\CogniMove\backend\outputs\evidencias\clips\INVASAO_FAIXA_20260911_192034_ID1533.mp4,Pintura desgastada / ausente,0.35,,"{""Pintura desgastada / ausente"": 0.35, ""Sinalização pouco visível"": 0.25, ""Ausência de segregador físico"": 0.2, ""Conduta do condutor"": 0.2}"
2026-09-11T19:20:37.672375,1160,INVASAO_FAIXA,Cruzou Linha de Retencao,1561,Carro,0.703,Camera 1,C:\Users\Joice\frontend cognimove\CogniMove\backend\outputs\evidencias\screenshots\INVASAO_FAIXA_20260911_192037_ID1561.jpg,C:\Users\Joice\frontend cognimove\CogniMove\backend\outputs\evidencias\clips\INVASAO_FAIXA_20260911_192037_ID1561.mp4,Pintura desgastada / ausente,0.35,,"{""Pintura desgastada / ausente"": 0.35, ""Sinalização pouco visível"": 0.25, ""Ausência de segregador físico"": 0.2, ""Conduta do condutor"": 0.2}"
2026-09-11T19:20:40.981851,1176,INVASAO_FAIXA,Cruzou Linha de Retencao,1588,Carro,0.416,Camera 1,C:\Users\Joice\frontend cognimove\CogniMove\backend\outputs\evidencias\screenshots\INVASAO_FAIXA_20260911_192040_ID1588.jpg,C:\Users\Joice\frontend cognimove\CogniMove\backend\outputs\evidencias\clips\INVASAO_FAIXA_20260911_192040_ID1588.mp4,Pintura desgastada / ausente,0.35,,"{""Pintura desgastada / ausente"": 0.35, ""Sinalização pouco visível"": 0.25, ""Ausência de segregador físico"": 0.2, ""Conduta do condutor"": 0.2}"
2026-09-11T19:20:42.999744,1185,INVASAO_FAIXA,Cruzou Linha de Retencao,1598,Carro,0.66,Camera 1,C:\Users\Joice\frontend cognimove\CogniMove\backend\outputs\evidencias\screenshots\INVASAO_FAIXA_20260911_192042_ID1598.jpg,C:\Users\Joice\frontend cognimove\CogniMove\backend\outputs\evidencias\clips\INVASAO_FAIXA_20260911_192042_ID1598.mp4,Pintura desgastada / ausente,0.35,,"{""Pintura desgastada / ausente"": 0.35, ""Sinalização pouco visível"": 0.25, ""Ausência de segregador físico"": 0.2, ""Conduta do condutor"": 0.2}"
2026-09-11T19:20:43.839153,1188,INVASAO_FAIXA,Cruzou Linha de Retencao,1592,Carro,0.535,Camera 1,C:\Users\Joice\frontend cognimove\CogniMove\backend\outputs\evidencias\screenshots\INVASAO_FAIXA_20260911_192043_ID1592.jpg,C:\Users\Joice\frontend cognimove\CogniMove\backend\outputs\evidencias\clips\INVASAO_FAIXA_20260911_192043_ID1592.mp4,Pintura desgastada / ausente,0.35,,"{""Pintura desgastada / ausente"": 0.35, ""Sinalização pouco visível"": 0.25, ""Ausência de segregador físico"": 0.2, ""Conduta do condutor"": 0.2}"
2026-09-11T19:20:45.844299,1196,INVASAO_FAIXA,Cruzou Linha de Retencao,1613,Carro,0.628,Camera 1,C:\Users\Joice\frontend cognimove\CogniMove\backend\outputs\evidencias\screenshots\INVASAO_FAIXA_20260911_192045_ID1613.jpg,C:\Users\Joice\frontend cognimove\CogniMove\backend\outputs\evidencias\clips\INVASAO_FAIXA_20260911_192045_ID1613.mp4,Pintura desgastada / ausente,0.35,,"{""Pintura desgastada / ausente"": 0.35, ""Sinalização pouco visível"": 0.25, ""Ausência de segregador físico"": 0.2, ""Conduta do condutor"": 0.2}"
2026-09-11T19:20:50.209895,1212,INVASAO_FAIXA,Cruzou Linha de Retencao,1635,Caminhao,0.547,Camera 1,C:\Users\Joice\frontend cognimove\CogniMove\backend\outputs\evidencias\screenshots\INVASAO_FAIXA_20260911_192050_ID1635.jpg,C:\Users\Joice\frontend cognimove\CogniMove\backend\outputs\evidencias\clips\INVASAO_FAIXA_20260911_192050_ID1635.mp4,Pintura desgastada / ausente,0.35,,"{""Pintura desgastada / ausente"": 0.35, ""Sinalização pouco visível"": 0.25, ""Ausência de segregador físico"": 0.2, ""Conduta do condutor"": 0.2}"
2026-09-11T19:21:00.795954,1252,INVASAO_FAIXA,Cruzou Linha de Retencao,1665,Onibus,0.352,Camera 1,C:\Users\Joice\frontend cognimove\CogniMove\backend\outputs\evidencias\screenshots\INVASAO_FAIXA_20260911_192100_ID1665.jpg,C:\Users\Joice\frontend cognimove\CogniMove\backend\outputs\evidencias\clips\INVASAO_FAIXA_20260911_192100_ID1665.mp4,Pintura desgastada / ausente,0.35,,"{""Pintura desgastada / ausente"": 0.35, ""Sinalização pouco visível"": 0.25, ""Ausência de segregador físico"": 0.2, ""Conduta do condutor"": 0.2}"
2026-09-11T19:21:08.700480,1284,INVASAO_FAIXA,Cruzou Linha de Retencao,1709,Carro,0.447,Camera 1,C:\Users\Joice\frontend cognimove\CogniMove\backend\outputs\evidencias\screenshots\INVASAO_FAIXA_20260911_192108_ID1709.jpg,C:\Users\Joice\frontend cognimove\CogniMove\backend\outputs\evidencias\clips\INVASAO_FAIXA_20260911_192108_ID1709.mp4,Pintura desgastada / ausente,0.35,,"{""Pintura desgastada / ausente"": 0.35, ""Sinalização pouco visível"": 0.25, ""Ausência de segregador físico"": 0.2, ""Conduta do condutor"": 0.2}"
2026-09-11T19:21:18.452017,1323,INVASAO_FAIXA,Cruzou Linha de Retencao,1775,Onibus,0.634,Camera 1,C:\Users\Joice\frontend cognimove\CogniMove\backend\outputs\evidencias\screenshots\INVASAO_FAIXA_20260911_192118_ID1775.jpg,C:\Users\Joice\frontend cognimove\CogniMove\backend\outputs\evidencias\clips\INVASAO_FAIXA_20260911_192118_ID1775.mp4,Pintura desgastada / ausente,0.35,,"{""Pintura desgastada / ausente"": 0.35, ""Sinalização pouco visível"": 0.25, ""Ausência de segregador físico"": 0.2, ""Conduta do condutor"": 0.2}"
2026-09-11T19:21:29.452298,1372,INVASAO_FAIXA,Cruzou Linha de Retencao,1810,Carro,0.632,Camera 1,C:\Users\Joice\frontend cognimove\CogniMove\backend\outputs\evidencias\screenshots\INVASAO_FAIXA_20260911_192129_ID1810.jpg,C:\Users\Joice\frontend cognimove\CogniMove\backend\outputs\evidencias\clips\INVASAO_FAIXA_20260911_192129_ID1810.mp4,Pintura desgastada / ausente,0.35,,"{""Pintura desgastada / ausente"": 0.35, ""Sinalização pouco visível"": 0.25, ""Ausência de segregador físico"": 0.2, ""Conduta do condutor"": 0.2}"
2026-09-11T19:21:33.406396,1386,INVASAO_FAIXA,Cruzou Linha de Retencao,1909,Carro,0.55,Camera 1,C:\Users\Joice\frontend cognimove\CogniMove\backend\outputs\evidencias\screenshots\INVASAO_FAIXA_20260911_192133_ID1909.jpg,C:\Users\Joice\frontend cognimove\CogniMove\backend\outputs\evidencias\clips\INVASAO_FAIXA_20260911_192133_ID1909.mp4,Pintura desgastada / ausente,0.35,,"{""Pintura desgastada / ausente"": 0.35, ""Sinalização pouco visível"": 0.25, ""Ausência de segregador físico"": 0.2, ""Conduta do condutor"": 0.2}"
2026-09-11T19:21:41.362573,1423,INVASAO_FAIXA,Cruzou Linha de Retencao,1979,Carro,0.861,Camera 1,C:\Users\Joice\frontend cognimove\CogniMove\backend\outputs\evidencias\screenshots\INVASAO_FAIXA_20260911_192141_ID1979.jpg,C:\Users\Joice\frontend cognimove\CogniMove\backend\outputs\evidencias\clips\INVASAO_FAIXA_20260911_192141_ID1979.mp4,Pintura desgastada / ausente,0.35,,"{""Pintura desgastada / ausente"": 0.35, ""Sinalização pouco visível"": 0.25, ""Ausência de segregador físico"": 0.2, ""Conduta do condutor"": 0.2}"
2026-09-11T19:21:46.453775,1442,INVASAO_FAIXA,Cruzou Linha de Retencao,1025,Carro,0.836,Camera 1,C:\Users\Joice\frontend cognimove\CogniMove\backend\outputs\evidencias\screenshots\INVASAO_FAIXA_20260911_192146_ID1025.jpg,C:\Users\Joice\frontend cognimove\CogniMove\backend\outputs\evidencias\clips\INVASAO_FAIXA_20260911_192146_ID1025.mp4,Pintura desgastada / ausente,0.35,,"{""Pintura desgastada / ausente"": 0.35, ""Sinalização pouco visível"": 0.25, ""Ausência de segregador físico"": 0.2, ""Conduta do condutor"": 0.2}"
2026-09-11T19:22:10.408229,1545,INVASAO_FAIXA,Cruzou Linha de Retencao,2124,Carro,0.46,Camera 1,C:\Users\Joice\frontend cognimove\CogniMove\backend\outputs\evidencias\screenshots\INVASAO_FAIXA_20260911_192210_ID2124.jpg,C:\Users\Joice\frontend cognimove\CogniMove\backend\outputs\evidencias\clips\INVASAO_FAIXA_20260911_192210_ID2124.mp4,Pintura desgastada / ausente,0.35,,"{""Pintura desgastada / ausente"": 0.35, ""Sinalização pouco visível"": 0.25, ""Ausência de segregador físico"": 0.2, ""Conduta do condutor"": 0.2}"
2026-09-11T19:22:12.630611,1554,INVASAO_FAIXA,Cruzou Linha de Retencao,2135,Carro,0.743,Camera 1,C:\Users\Joice\frontend cognimove\CogniMove\backend\outputs\evidencias\screenshots\INVASAO_FAIXA_20260911_192212_ID2135.jpg,C:\Users\Joice\frontend cognimove\CogniMove\backend\outputs\evidencias\clips\INVASAO_FAIXA_20260911_192212_ID2135.mp4,Pintura desgastada / ausente,0.35,,"{""Pintura desgastada / ausente"": 0.35, ""Sinalização pouco visível"": 0.25, ""Ausência de segregador físico"": 0.2, ""Conduta do condutor"": 0.2}"
2026-09-11T19:22:56.174787,1759,INVASAO_FAIXA,Cruzou Linha de Retencao,2403,Carro,0.65,Camera 1,C:\Users\Joice\frontend cognimove\CogniMove\backend\outputs\evidencias\screenshots\INVASAO_FAIXA_20260911_192256_ID2403.jpg,C:\Users\Joice\frontend cognimove\CogniMove\backend\outputs\evidencias\clips\INVASAO_FAIXA_20260911_192256_ID2403.mp4,Pintura desgastada / ausente,0.35,,"{""Pintura desgastada / ausente"": 0.35, ""Sinalização pouco visível"": 0.25, ""Ausência de segregador físico"": 0.2, ""Conduta do condutor"": 0.2}"
2026-09-11T19:22:57.353065,1764,INVASAO_FAIXA,Cruzou Linha de Retencao,2406,Carro,0.549,Camera 1,C:\Users\Joice\frontend cognimove\CogniMove\backend\outputs\evidencias\screenshots\INVASAO_FAIXA_20260911_192257_ID2406.jpg,C:\Users\Joice\frontend cognimove\CogniMove\backend\outputs\evidencias\clips\INVASAO_FAIXA_20260911_192257_ID2406.mp4,Pintura desgastada / ausente,0.35,,"{""Pintura desgastada / ausente"": 0.35, ""Sinalização pouco visível"": 0.25, ""Ausência de segregador físico"": 0.2, ""Conduta do condutor"": 0.2}"
2026-09-11T19:23:02.969158,1791,INVASAO_FAIXA,Cruzou Linha de Retencao,2417,Caminhao,0.486,Camera 1,C:\Users\Joice\frontend cognimove\CogniMove\backend\outputs\evidencias\screenshots\INVASAO_FAIXA_20260911_192302_ID2417.jpg,C:\Users\Joice\frontend cognimove\CogniMove\backend\outputs\evidencias\clips\INVASAO_FAIXA_20260911_192302_ID2417.mp4,Pintura desgastada / ausente,0.35,,"{""Pintura desgastada / ausente"": 0.35, ""Sinalização pouco visível"": 0.25, ""Ausência de segregador físico"": 0.2, ""Conduta do condutor"": 0.2}"
2026-09-11T19:23:03.956698,1795,INVASAO_FAIXA,Cruzou Linha de Retencao,2429,Carro,0.737,Camera 1,C:\Users\Joice\frontend cognimove\CogniMove\backend\outputs\evidencias\screenshots\INVASAO_FAIXA_20260911_192303_ID2429.jpg,C:\Users\Joice\frontend cognimove\CogniMove\backend\outputs\evidencias\clips\INVASAO_FAIXA_20260911_192303_ID2429.mp4,Pintura desgastada / ausente,0.35,,"{""Pintura desgastada / ausente"": 0.35, ""Sinalização pouco visível"": 0.25, ""Ausência de segregador físico"": 0.2, ""Conduta do condutor"": 0.2}"
2026-09-11T19:23:07.423938,1809,INVASAO_FAIXA,Cruzou Linha de Retencao,2441,Carro,0.75,Camera 1,C:\Users\Joice\frontend cognimove\CogniMove\backend\outputs\evidencias\screenshots\INVASAO_FAIXA_20260911_192307_ID2441.jpg,C:\Users\Joice\frontend cognimove\CogniMove\backend\outputs\evidencias\clips\INVASAO_FAIXA_20260911_192307_ID2441.mp4,Pintura desgastada / ausente,0.35,,"{""Pintura desgastada / ausente"": 0.35, ""Sinalização pouco visível"": 0.25, ""Ausência de segregador físico"": 0.2, ""Conduta do condutor"": 0.2}"
2026-09-11T19:23:07.735043,1810,INVASAO_FAIXA,Cruzou Linha de Retencao,2446,Carro,0.718,Camera 1,C:\Users\Joice\frontend cognimove\CogniMove\backend\outputs\evidencias\screenshots\INVASAO_FAIXA_20260911_192307_ID2446.jpg,C:\Users\Joice\frontend cognimove\CogniMove\backend\outputs\evidencias\clips\INVASAO_FAIXA_20260911_192307_ID2446.mp4,Pintura desgastada / ausente,0.35,,"{""Pintura desgastada / ausente"": 0.35, ""Sinalização pouco visível"": 0.25, ""Ausência de segregador físico"": 0.2, ""Conduta do condutor"": 0.2}"
2026-09-11T19:23:11.179547,1822,INVASAO_FAIXA,Cruzou Linha de Retencao,2456,Carro,0.544,Camera 1,C:\Users\Joice\frontend cognimove\CogniMove\backend\outputs\evidencias\screenshots\INVASAO_FAIXA_20260911_192311_ID2456.jpg,C:\Users\Joice\frontend cognimove\CogniMove\backend\outputs\evidencias\clips\INVASAO_FAIXA_20260911_192311_ID2456.mp4,Pintura desgastada / ausente,0.35,,"{""Pintura desgastada / ausente"": 0.35, ""Sinalização pouco visível"": 0.25, ""Ausência de segregador físico"": 0.2, ""Conduta do condutor"": 0.2}"
2026-09-11T19:23:14.645451,1833,INVASAO_FAIXA,Cruzou Linha de Retencao,2470,Caminhao,0.584,Camera 1,C:\Users\Joice\frontend cognimove\CogniMove\backend\outputs\evidencias\screenshots\INVASAO_FAIXA_20260911_192314_ID2470.jpg,C:\Users\Joice\frontend cognimove\CogniMove\backend\outputs\evidencias\clips\INVASAO_FAIXA_20260911_192314_ID2470.mp4,Pintura desgastada / ausente,0.35,,"{""Pintura desgastada / ausente"": 0.35, ""Sinalização pouco visível"": 0.25, ""Ausência de segregador físico"": 0.2, ""Conduta do condutor"": 0.2}"
2026-09-11T19:23:14.941950,1834,INVASAO_FAIXA,Cruzou Linha de Retencao,2463,Onibus,0.8,Camera 1,C:\Users\Joice\frontend cognimove\CogniMove\backend\outputs\evidencias\screenshots\INVASAO_FAIXA_20260911_192314_ID2463.jpg,C:\Users\Joice\frontend cognimove\CogniMove\backend\outputs\evidencias\clips\INVASAO_FAIXA_20260911_192314_ID2463.mp4,Pintura desgastada / ausente,0.35,,"{""Pintura desgastada / ausente"": 0.35, ""Sinalização pouco visível"": 0.25, ""Ausência de segregador físico"": 0.2, ""Conduta do condutor"": 0.2}"
2026-09-11T19:23:18.698792,1845,INVASAO_FAIXA,Cruzou Linha de Retencao,2481,Carro,0.734,Camera 1,C:\Users\Joice\frontend cognimove\CogniMove\backend\outputs\evidencias\screenshots\INVASAO_FAIXA_20260911_192318_ID2481.jpg,C:\Users\Joice\frontend cognimove\CogniMove\backend\outputs\evidencias\clips\INVASAO_FAIXA_20260911_192318_ID2481.mp4,Pintura desgastada / ausente,0.35,,"{""Pintura desgastada / ausente"": 0.35, ""Sinalização pouco visível"": 0.25, ""Ausência de segregador físico"": 0.2, ""Conduta do condutor"": 0.2}"
2026-09-11T19:23:19.025638,1846,INVASAO_FAIXA,Cruzou Linha de Retencao,2493,Carro,0.709,Camera 1,C:\Users\Joice\frontend cognimove\CogniMove\backend\outputs\evidencias\screenshots\INVASAO_FAIXA_20260911_192319_ID2493.jpg,C:\Users\Joice\frontend cognimove\CogniMove\backend\outputs\evidencias\clips\INVASAO_FAIXA_20260911_192319_ID2493.mp4,Pintura desgastada / ausente,0.35,,"{""Pintura desgastada / ausente"": 0.35, ""Sinalização pouco visível"": 0.25, ""Ausência de segregador físico"": 0.2, ""Conduta do condutor"": 0.2}"
2026-09-11T19:23:28.892724,1878,INVASAO_FAIXA,Cruzou Linha de Retencao,2544,Carro,0.621,Camera 1,C:\Users\Joice\frontend cognimove\CogniMove\backend\outputs\evidencias\screenshots\INVASAO_FAIXA_20260911_192328_ID2544.jpg,C:\Users\Joice\frontend cognimove\CogniMove\backend\outputs\evidencias\clips\INVASAO_FAIXA_20260911_192328_ID2544.mp4,Pintura desgastada / ausente,0.35,,"{""Pintura desgastada / ausente"": 0.35, ""Sinalização pouco visível"": 0.25, ""Ausência de segregador físico"": 0.2, ""Conduta do condutor"": 0.2}"
2026-09-11T19:23:35.123235,1893,INVASAO_FAIXA,Cruzou Linha de Retencao,2566,Carro,0.362,Camera 1,C:\Users\Joice\frontend cognimove\CogniMove\backend\outputs\evidencias\screenshots\INVASAO_FAIXA_20260911_192335_ID2566.jpg,C:\Users\Joice\frontend cognimove\CogniMove\backend\outputs\evidencias\clips\INVASAO_FAIXA_20260911_192335_ID2566.mp4,Pintura desgastada / ausente,0.35,,"{""Pintura desgastada / ausente"": 0.35, ""Sinalização pouco visível"": 0.25, ""Ausência de segregador físico"": 0.2, ""Conduta do condutor"": 0.2}"
2026-09-11T19:23:37.625597,1904,INVASAO_FAIXA,Cruzou Linha de Retencao,2576,Carro,0.563,Camera 1,C:\Users\Joice\frontend cognimove\CogniMove\backend\outputs\evidencias\screenshots\INVASAO_FAIXA_20260911_192337_ID2576.jpg,C:\Users\Joice\frontend cognimove\CogniMove\backend\outputs\evidencias\clips\INVASAO_FAIXA_20260911_192337_ID2576.mp4,Pintura desgastada / ausente,0.35,,"{""Pintura desgastada / ausente"": 0.35, ""Sinalização pouco visível"": 0.25, ""Ausência de segregador físico"": 0.2, ""Conduta do condutor"": 0.2}"
2026-09-11T19:23:45.768629,1934,INVASAO_FAIXA,Cruzou Linha de Retencao,2575,Carro,0.533,Camera 1,C:\Users\Joice\frontend cognimove\CogniMove\backend\outputs\evidencias\screenshots\INVASAO_FAIXA_20260911_192345_ID2575.jpg,C:\Users\Joice\frontend cognimove\CogniMove\backend\outputs\evidencias\clips\INVASAO_FAIXA_20260911_192345_ID2575.mp4,Pintura desgastada / ausente,0.35,,"{""Pintura desgastada / ausente"": 0.35, ""Sinalização pouco visível"": 0.25, ""Ausência de segregador físico"": 0.2, ""Conduta do condutor"": 0.2}"
2026-09-11T19:23:54.552602,1968,INVASAO_FAIXA,Cruzou Linha de Retencao,2623,Carro,0.673,Camera 1,C:\Users\Joice\frontend cognimove\CogniMove\backend\outputs\evidencias\screenshots\INVASAO_FAIXA_20260911_192354_ID2623.jpg,C:\Users\Joice\frontend cognimove\CogniMove\backend\outputs\evidencias\clips\INVASAO_FAIXA_20260911_192354_ID2623.mp4,Pintura desgastada / ausente,0.35,,"{""Pintura desgastada / ausente"": 0.35, ""Sinalização pouco visível"": 0.25, ""Ausência de segregador físico"": 0.2, ""Conduta do condutor"": 0.2}"
2026-09-11T19:24:26.293300,2117,INVASAO_FAIXA,Cruzou Linha de Retencao,2743,Carro,0.706,Camera 1,C:\Users\Joice\frontend cognimove\CogniMove\backend\outputs\evidencias\screenshots\INVASAO_FAIXA_20260911_192426_ID2743.jpg,C:\Users\Joice\frontend cognimove\CogniMove\backend\outputs\evidencias\clips\INVASAO_FAIXA_20260911_192426_ID2743.mp4,Pintura desgastada / ausente,0.35,,"{""Pintura desgastada / ausente"": 0.35, ""Sinalização pouco visível"": 0.25, ""Ausência de segregador físico"": 0.2, ""Conduta do condutor"": 0.2}"
2026-09-11T19:24:39.200454,2149,INVASAO_FAIXA,Cruzou Linha de Retencao,2794,Carro,0.891,Camera 1,C:\Users\Joice\frontend cognimove\CogniMove\backend\outputs\evidencias\screenshots\INVASAO_FAIXA_20260911_192439_ID2794.jpg,C:\Users\Joice\frontend cognimove\CogniMove\backend\outputs\evidencias\clips\INVASAO_FAIXA_20260911_192439_ID2794.mp4,Pintura desgastada / ausente,0.35,,"{""Pintura desgastada / ausente"": 0.35, ""Sinalização pouco visível"": 0.25, ""Ausência de segregador físico"": 0.2, ""Conduta do condutor"": 0.2}"
2026-09-11T19:24:49.048042,2186,INVASAO_FAIXA,Cruzou Linha de Retencao,2842,Carro,0.436,Camera 1,C:\Users\Joice\frontend cognimove\CogniMove\backend\outputs\evidencias\screenshots\INVASAO_FAIXA_20260911_192449_ID2842.jpg,C:\Users\Joice\frontend cognimove\CogniMove\backend\outputs\evidencias\clips\INVASAO_FAIXA_20260911_192449_ID2842.mp4,Pintura desgastada / ausente,0.35,,"{""Pintura desgastada / ausente"": 0.35, ""Sinalização pouco visível"": 0.25, ""Ausência de segregador físico"": 0.2, ""Conduta do condutor"": 0.2}"
2026-09-11T19:24:59.966333,2231,INVASAO_FAIXA,Cruzou Linha de Retencao,2919,Carro,0.693,Camera 1,C:\Users\Joice\frontend cognimove\CogniMove\backend\outputs\evidencias\screenshots\INVASAO_FAIXA_20260911_192459_ID2919.jpg,C:\Users\Joice\frontend cognimove\CogniMove\backend\outputs\evidencias\clips\INVASAO_FAIXA_20260911_192459_ID2919.mp4,Pintura desgastada / ausente,0.35,,"{""Pintura desgastada / ausente"": 0.35, ""Sinalização pouco visível"": 0.25, ""Ausência de segregador físico"": 0.2, ""Conduta do condutor"": 0.2}"
2026-09-11T19:25:13.734156,2290,INVASAO_FAIXA,Cruzou Linha de Retencao,2982,Carro,0.716,Camera 1,C:\Users\Joice\frontend cognimove\CogniMove\backend\outputs\evidencias\screenshots\INVASAO_FAIXA_20260911_192513_ID2982.jpg,C:\Users\Joice\frontend cognimove\CogniMove\backend\outputs\evidencias\clips\INVASAO_FAIXA_20260911_192513_ID2982.mp4,Pintura desgastada / ausente,0.35,,"{""Pintura desgastada / ausente"": 0.35, ""Sinalização pouco visível"": 0.25, ""Ausência de segregador físico"": 0.2, ""Conduta do condutor"": 0.2}"
2026-09-11T19:26:00.846703,2517,INVASAO_FAIXA,Cruzou Linha de Retencao,3123,Carro,0.853,Camera 1,C:\Users\Joice\frontend cognimove\CogniMove\backend\outputs\evidencias\screenshots\INVASAO_FAIXA_20260911_192600_ID3123.jpg,C:\Users\Joice\frontend cognimove\CogniMove\backend\outputs\evidencias\clips\INVASAO_FAIXA_20260911_192600_ID3123.mp4,Pintura desgastada / ausente,0.35,,"{""Pintura desgastada / ausente"": 0.35, ""Sinalização pouco visível"": 0.25, ""Ausência de segregador físico"": 0.2, ""Conduta do condutor"": 0.2}"
2026-09-11T19:26:02.560212,2524,INVASAO_FAIXA,Cruzou Linha de Retencao,3137,Carro,0.355,Camera 1,C:\Users\Joice\frontend cognimove\CogniMove\backend\outputs\evidencias\screenshots\INVASAO_FAIXA_20260911_192602_ID3137.jpg,C:\Users\Joice\frontend cognimove\CogniMove\backend\outputs\evidencias\clips\INVASAO_FAIXA_20260911_192602_ID3137.mp4,Pintura desgastada / ausente,0.35,,"{""Pintura desgastada / ausente"": 0.35, ""Sinalização pouco visível"": 0.25, ""Ausência de segregador físico"": 0.2, ""Conduta do condutor"": 0.2}"
2026-09-11T19:26:06.310674,2540,INVASAO_FAIXA,Cruzou Linha de Retencao,3156,Caminhao,0.396,Camera 1,C:\Users\Joice\frontend cognimove\CogniMove\backend\outputs\evidencias\screenshots\INVASAO_FAIXA_20260911_192606_ID3156.jpg,C:\Users\Joice\frontend cognimove\CogniMove\backend\outputs\evidencias\clips\INVASAO_FAIXA_20260911_192606_ID3156.mp4,Pintura desgastada / ausente,0.35,,"{""Pintura desgastada / ausente"": 0.35, ""Sinalização pouco visível"": 0.25, ""Ausência de segregador físico"": 0.2, ""Conduta do condutor"": 0.2}"
2026-09-11T19:26:08.355598,2549,INVASAO_FAIXA,Cruzou Linha de Retencao,3161,Carro,0.762,Camera 1,C:\Users\Joice\frontend cognimove\CogniMove\backend\outputs\evidencias\screenshots\INVASAO_FAIXA_20260911_192608_ID3161.jpg,C:\Users\Joice\frontend cognimove\CogniMove\backend\outputs\evidencias\clips\INVASAO_FAIXA_20260911_192608_ID3161.mp4,Pintura desgastada / ausente,0.35,,"{""Pintura desgastada / ausente"": 0.35, ""Sinalização pouco visível"": 0.25, ""Ausência de segregador físico"": 0.2, ""Conduta do condutor"": 0.2}"
2026-09-11T19:26:08.355598,2549,INVASAO_FAIXA,Cruzou Linha de Retencao,3170,Carro,0.176,Camera 1,C:\Users\Joice\frontend cognimove\CogniMove\backend\outputs\evidencias\screenshots\INVASAO_FAIXA_20260911_192608_ID3170.jpg,C:\Users\Joice\frontend cognimove\CogniMove\backend\outputs\evidencias\clips\INVASAO_FAIXA_20260911_192608_ID3170.mp4,Pintura desgastada / ausente,0.35,,"{""Pintura desgastada / ausente"": 0.35, ""Sinalização pouco visível"": 0.25, ""Ausência de segregador físico"": 0.2, ""Conduta do condutor"": 0.2}"
2026-09-11T19:26:10.740792,2560,INVASAO_FAIXA,Cruzou Linha de Retencao,3177,Carro,0.7,Camera 1,C:\Users\Joice\frontend cognimove\CogniMove\backend\outputs\evidencias\screenshots\INVASAO_FAIXA_20260911_192610_ID3177.jpg,C:\Users\Joice\frontend cognimove\CogniMove\backend\outputs\evidencias\clips\INVASAO_FAIXA_20260911_192610_ID3177.mp4,Pintura desgastada / ausente,0.35,,"{""Pintura desgastada / ausente"": 0.35, ""Sinalização pouco visível"": 0.25, ""Ausência de segregador físico"": 0.2, ""Conduta do condutor"": 0.2}"
2026-09-11T19:26:13.739954,2574,INVASAO_FAIXA,Cruzou Linha de Retencao,3190,Carro,0.57,Camera 1,C:\Users\Joice\frontend cognimove\CogniMove\backend\outputs\evidencias\screenshots\INVASAO_FAIXA_20260911_192613_ID3190.jpg,C:\Users\Joice\frontend cognimove\CogniMove\backend\outputs\evidencias\clips\INVASAO_FAIXA_20260911_192613_ID3190.mp4,Pintura desgastada / ausente,0.35,,"{""Pintura desgastada / ausente"": 0.35, ""Sinalização pouco visível"": 0.25, ""Ausência de segregador físico"": 0.2, ""Conduta do condutor"": 0.2}"
2026-09-11T19:26:16.365723,2582,INVASAO_FAIXA,Cruzou Linha de Retencao,3198,Carro,0.536,Camera 1,C:\Users\Joice\frontend cognimove\CogniMove\backend\outputs\evidencias\screenshots\INVASAO_FAIXA_20260911_192616_ID3198.jpg,C:\Users\Joice\frontend cognimove\CogniMove\backend\outputs\evidencias\clips\INVASAO_FAIXA_20260911_192616_ID3198.mp4,Pintura desgastada / ausente,0.35,,"{""Pintura desgastada / ausente"": 0.35, ""Sinalização pouco visível"": 0.25, ""Ausência de segregador físico"": 0.2, ""Conduta do condutor"": 0.2}"
2026-09-11T19:26:19.290115,2593,INVASAO_FAIXA,Cruzou Linha de Retencao,3209,Carro,0.45,Camera 1,C:\Users\Joice\frontend cognimove\CogniMove\backend\outputs\evidencias\screenshots\INVASAO_FAIXA_20260911_192619_ID3209.jpg,C:\Users\Joice\frontend cognimove\CogniMove\backend\outputs\evidencias\clips\INVASAO_FAIXA_20260911_192619_ID3209.mp4,Pintura desgastada / ausente,0.35,,"{""Pintura desgastada / ausente"": 0.35, ""Sinalização pouco visível"": 0.25, ""Ausência de segregador físico"": 0.2, ""Conduta do condutor"": 0.2}"
2026-09-11T19:26:24.008260,2606,INVASAO_FAIXA,Cruzou Linha de Retencao,3219,Carro,0.698,Camera 1,C:\Users\Joice\frontend cognimove\CogniMove\backend\outputs\evidencias\screenshots\INVASAO_FAIXA_20260911_192624_ID3219.jpg,C:\Users\Joice\frontend cognimove\CogniMove\backend\outputs\evidencias\clips\INVASAO_FAIXA_20260911_192624_ID3219.mp4,Pintura desgastada / ausente,0.35,,"{""Pintura desgastada / ausente"": 0.35, ""Sinalização pouco visível"": 0.25, ""Ausência de segregador físico"": 0.2, ""Conduta do condutor"": 0.2}"
2026-09-11T19:26:28.716946,2622,INVASAO_FAIXA,Cruzou Linha de Retencao,3226,Carro,0.584,Camera 1,C:\Users\Joice\frontend cognimove\CogniMove\backend\outputs\evidencias\screenshots\INVASAO_FAIXA_20260911_192628_ID3226.jpg,C:\Users\Joice\frontend cognimove\CogniMove\backend\outputs\evidencias\clips\INVASAO_FAIXA_20260911_192628_ID3226.mp4,Pintura desgastada / ausente,0.35,,"{""Pintura desgastada / ausente"": 0.35, ""Sinalização pouco visível"": 0.25, ""Ausência de segregador físico"": 0.2, ""Conduta do condutor"": 0.2}"
2026-09-11T19:26:33.087273,2639,INVASAO_FAIXA,Cruzou Linha de Retencao,3239,Carro,0.503,Camera 1,C:\Users\Joice\frontend cognimove\CogniMove\backend\outputs\evidencias\screenshots\INVASAO_FAIXA_20260911_192633_ID3239.jpg,C:\Users\Joice\frontend cognimove\CogniMove\backend\outputs\evidencias\clips\INVASAO_FAIXA_20260911_192633_ID3239.mp4,Pintura desgastada / ausente,0.35,,"{""Pintura desgastada / ausente"": 0.35, ""Sinalização pouco visível"": 0.25, ""Ausência de segregador físico"": 0.2, ""Conduta do condutor"": 0.2}"
2026-09-11T19:26:36.964549,2656,INVASAO_FAIXA,Cruzou Linha de Retencao,3256,Carro,0.589,Camera 1,C:\Users\Joice\frontend cognimove\CogniMove\backend\outputs\evidencias\screenshots\INVASAO_FAIXA_20260911_192636_ID3256.jpg,C:\Users\Joice\frontend cognimove\CogniMove\backend\outputs\evidencias\clips\INVASAO_FAIXA_20260911_192636_ID3256.mp4,Pintura desgastada / ausente,0.35,,"{""Pintura desgastada / ausente"": 0.35, ""Sinalização pouco visível"": 0.25, ""Ausência de segregador físico"": 0.2, ""Conduta do condutor"": 0.2}"
2026-09-11T19:26:44.052909,2684,INVASAO_FAIXA,Cruzou Linha de Retencao,3289,Carro,0.427,Camera 1,C:\Users\Joice\frontend cognimove\CogniMove\backend\outputs\evidencias\screenshots\INVASAO_FAIXA_20260911_192644_ID3289.jpg,C:\Users\Joice\frontend cognimove\CogniMove\backend\outputs\evidencias\clips\INVASAO_FAIXA_20260911_192644_ID3289.mp4,Pintura desgastada / ausente,0.35,,"{""Pintura desgastada / ausente"": 0.35, ""Sinalização pouco visível"": 0.25, ""Ausência de segregador físico"": 0.2, ""Conduta do condutor"": 0.2}"
2026-09-11T19:26:48.030933,2696,INVASAO_FAIXA,Cruzou Linha de Retencao,3307,Carro,0.562,Camera 1,C:\Users\Joice\frontend cognimove\CogniMove\backend\outputs\evidencias\screenshots\INVASAO_FAIXA_20260911_192648_ID3307.jpg,C:\Users\Joice\frontend cognimove\CogniMove\backend\outputs\evidencias\clips\INVASAO_FAIXA_20260911_192648_ID3307.mp4,Pintura desgastada / ausente,0.35,,"{""Pintura desgastada / ausente"": 0.35, ""Sinalização pouco visível"": 0.25, ""Ausência de segregador físico"": 0.2, ""Conduta do condutor"": 0.2}"
2026-09-11T19:27:12.834846,2770,INVASAO_FAIXA,Cruzou Linha de Retencao,3345,Carro,0.673,Camera 1,C:\Users\Joice\frontend cognimove\CogniMove\backend\outputs\evidencias\screenshots\INVASAO_FAIXA_20260911_192712_ID3345.jpg,C:\Users\Joice\frontend cognimove\CogniMove\backend\outputs\evidencias\clips\INVASAO_FAIXA_20260911_192712_ID3345.mp4,Pintura desgastada / ausente,0.35,,"{""Pintura desgastada / ausente"": 0.35, ""Sinalização pouco visível"": 0.25, ""Ausência de segregador físico"": 0.2, ""Conduta do condutor"": 0.2}"
2026-09-11T19:27:30.075722,2846,INVASAO_FAIXA,Cruzou Linha de Retencao,3463,Caminhao,0.727,Camera 1,C:\Users\Joice\frontend cognimove\CogniMove\backend\outputs\evidencias\screenshots\INVASAO_FAIXA_20260911_192730_ID3463.jpg,C:\Users\Joice\frontend cognimove\CogniMove\backend\outputs\evidencias\clips\INVASAO_FAIXA_20260911_192730_ID3463.mp4,Pintura desgastada / ausente,0.35,,"{""Pintura desgastada / ausente"": 0.35, ""Sinalização pouco visível"": 0.25, ""Ausência de segregador físico"": 0.2, ""Conduta do condutor"": 0.2}"
2026-09-11T19:27:51.688436,2945,INVASAO_FAIXA,Cruzou Linha de Retencao,3563,Carro,0.713,Camera 1,C:\Users\Joice\frontend cognimove\CogniMove\backend\outputs\evidencias\screenshots\INVASAO_FAIXA_20260911_192751_ID3563.jpg,C:\Users\Joice\frontend cognimove\CogniMove\backend\outputs\evidencias\clips\INVASAO_FAIXA_20260911_192751_ID3563.mp4,Pintura desgastada / ausente,0.35,,"{""Pintura desgastada / ausente"": 0.35, ""Sinalização pouco visível"": 0.25, ""Ausência de segregador físico"": 0.2, ""Conduta do condutor"": 0.2}"
2026-09-11T19:27:56.950431,2965,INVASAO_FAIXA,Cruzou Linha de Retencao,3595,Carro,0.708,Camera 1,C:\Users\Joice\frontend cognimove\CogniMove\backend\outputs\evidencias\screenshots\INVASAO_FAIXA_20260911_192756_ID3595.jpg,C:\Users\Joice\frontend cognimove\CogniMove\backend\outputs\evidencias\clips\INVASAO_FAIXA_20260911_192756_ID3595.mp4,Pintura desgastada / ausente,0.35,,"{""Pintura desgastada / ausente"": 0.35, ""Sinalização pouco visível"": 0.25, ""Ausência de segregador físico"": 0.2, ""Conduta do condutor"": 0.2}"
2026-09-11T19:28:03.371453,2990,INVASAO_FAIXA,Cruzou Linha de Retencao,3608,Carro,0.773,Camera 1,C:\Users\Joice\frontend cognimove\CogniMove\backend\outputs\evidencias\screenshots\INVASAO_FAIXA_20260911_192803_ID3608.jpg,C:\Users\Joice\frontend cognimove\CogniMove\backend\outputs\evidencias\clips\INVASAO_FAIXA_20260911_192803_ID3608.mp4,Pintura desgastada / ausente,0.35,,"{""Pintura desgastada / ausente"": 0.35, ""Sinalização pouco visível"": 0.25, ""Ausência de segregador físico"": 0.2, ""Conduta do condutor"": 0.2}"
2026-09-11T19:28:46.873645,3192,INVASAO_FAIXA,Cruzou Linha de Retencao,3841,Caminhao,0.831,Camera 1,C:\Users\Joice\frontend cognimove\CogniMove\backend\outputs\evidencias\screenshots\INVASAO_FAIXA_20260911_192846_ID3841.jpg,C:\Users\Joice\frontend cognimove\CogniMove\backend\outputs\evidencias\clips\INVASAO_FAIXA_20260911_192846_ID3841.mp4,Pintura desgastada / ausente,0.35,,"{""Pintura desgastada / ausente"": 0.35, ""Sinalização pouco visível"": 0.25, ""Ausência de segregador físico"": 0.2, ""Conduta do condutor"": 0.2}"
2026-09-11T19:28:50.201119,3205,INVASAO_FAIXA,Cruzou Linha de Retencao,3869,Carro,0.714,Camera 1,C:\Users\Joice\frontend cognimove\CogniMove\backend\outputs\evidencias\screenshots\INVASAO_FAIXA_20260911_192850_ID3869.jpg,C:\Users\Joice\frontend cognimove\CogniMove\backend\outputs\evidencias\clips\INVASAO_FAIXA_20260911_192850_ID3869.mp4,Pintura desgastada / ausente,0.35,,"{""Pintura desgastada / ausente"": 0.35, ""Sinalização pouco visível"": 0.25, ""Ausência de segregador físico"": 0.2, ""Conduta do condutor"": 0.2}"
2026-09-11T19:28:52.204963,3213,INVASAO_FAIXA,Cruzou Linha de Retencao,3870,Caminhao,0.328,Camera 1,C:\Users\Joice\frontend cognimove\CogniMove\backend\outputs\evidencias\screenshots\INVASAO_FAIXA_20260911_192852_ID3870.jpg,C:\Users\Joice\frontend cognimove\CogniMove\backend\outputs\evidencias\clips\INVASAO_FAIXA_20260911_192852_ID3870.mp4,Pintura desgastada / ausente,0.35,,"{""Pintura desgastada / ausente"": 0.35, ""Sinalização pouco visível"": 0.25, ""Ausência de segregador físico"": 0.2, ""Conduta do condutor"": 0.2}"
2026-09-11T19:28:54.212570,3219,INVASAO_FAIXA,Cruzou Linha de Retencao,3877,Carro,0.6,Camera 1,C:\Users\Joice\frontend cognimove\CogniMove\backend\outputs\evidencias\screenshots\INVASAO_FAIXA_20260911_192854_ID3877.jpg,C:\Users\Joice\frontend cognimove\CogniMove\backend\outputs\evidencias\clips\INVASAO_FAIXA_20260911_192854_ID3877.mp4,Pintura desgastada / ausente,0.35,,"{""Pintura desgastada / ausente"": 0.35, ""Sinalização pouco visível"": 0.25, ""Ausência de segregador físico"": 0.2, ""Conduta do condutor"": 0.2}"
2026-09-11T19:28:58.489345,3234,INVASAO_FAIXA,Cruzou Linha de Retencao,3889,Carro,0.709,Camera 1,C:\Users\Joice\frontend cognimove\CogniMove\backend\outputs\evidencias\screenshots\INVASAO_FAIXA_20260911_192858_ID3889.jpg,C:\Users\Joice\frontend cognimove\CogniMove\backend\outputs\evidencias\clips\INVASAO_FAIXA_20260911_192858_ID3889.mp4,Pintura desgastada / ausente,0.35,,"{""Pintura desgastada / ausente"": 0.35, ""Sinalização pouco visível"": 0.25, ""Ausência de segregador físico"": 0.2, ""Conduta do condutor"": 0.2}"
2026-09-11T19:29:06.006795,3259,INVASAO_FAIXA,Cruzou Linha de Retencao,3897,Carro,0.849,Camera 1,C:\Users\Joice\frontend cognimove\CogniMove\backend\outputs\evidencias\screenshots\INVASAO_FAIXA_20260911_192906_ID3897.jpg,C:\Users\Joice\frontend cognimove\CogniMove\backend\outputs\evidencias\clips\INVASAO_FAIXA_20260911_192906_ID3897.mp4,Pintura desgastada / ausente,0.35,,"{""Pintura desgastada / ausente"": 0.35, ""Sinalização pouco visível"": 0.25, ""Ausência de segregador físico"": 0.2, ""Conduta do condutor"": 0.2}"
2026-09-11T19:29:10.197485,3274,INVASAO_FAIXA,Cruzou Linha de Retencao,3965,Caminhao,0.34,Camera 1,C:\Users\Joice\frontend cognimove\CogniMove\backend\outputs\evidencias\screenshots\INVASAO_FAIXA_20260911_192910_ID3965.jpg,C:\Users\Joice\frontend cognimove\CogniMove\backend\outputs\evidencias\clips\INVASAO_FAIXA_20260911_192910_ID3965.mp4,Pintura desgastada / ausente,0.35,,"{""Pintura desgastada / ausente"": 0.35, ""Sinalização pouco visível"": 0.25, ""Ausência de segregador físico"": 0.2, ""Conduta do condutor"": 0.2}"
2026-09-11T19:29:10.741706,3276,INVASAO_FAIXA,Cruzou Linha de Retencao,3933,Carro,0.838,Camera 1,C:\Users\Joice\frontend cognimove\CogniMove\backend\outputs\evidencias\screenshots\INVASAO_FAIXA_20260911_192910_ID3933.jpg,C:\Users\Joice\frontend cognimove\CogniMove\backend\outputs\evidencias\clips\INVASAO_FAIXA_20260911_192910_ID3933.mp4,Pintura desgastada / ausente,0.35,,"{""Pintura desgastada / ausente"": 0.35, ""Sinalização pouco visível"": 0.25, ""Ausência de segregador físico"": 0.2, ""Conduta do condutor"": 0.2}"
2026-09-11T19:29:14.563225,3292,INVASAO_FAIXA,Cruzou Linha de Retencao,3995,Carro,0.499,Camera 1,C:\Users\Joice\frontend cognimove\CogniMove\backend\outputs\evidencias\screenshots\INVASAO_FAIXA_20260911_192914_ID3995.jpg,C:\Users\Joice\frontend cognimove\CogniMove\backend\outputs\evidencias\clips\INVASAO_FAIXA_20260911_192914_ID3995.mp4,Pintura desgastada / ausente,0.35,,"{""Pintura desgastada / ausente"": 0.35, ""Sinalização pouco visível"": 0.25, ""Ausência de segregador físico"": 0.2, ""Conduta do condutor"": 0.2}"
2026-09-11T19:29:19.154575,3311,INVASAO_FAIXA,Cruzou Linha de Retencao,4009,Carro,0.844,Camera 1,C:\Users\Joice\frontend cognimove\CogniMove\backend\outputs\evidencias\screenshots\INVASAO_FAIXA_20260911_192919_ID4009.jpg,C:\Users\Joice\frontend cognimove\CogniMove\backend\outputs\evidencias\clips\INVASAO_FAIXA_20260911_192919_ID4009.mp4,Pintura desgastada / ausente,0.35,,"{""Pintura desgastada / ausente"": 0.35, ""Sinalização pouco visível"": 0.25, ""Ausência de segregador físico"": 0.2, ""Conduta do condutor"": 0.2}"
2026-09-11T19:29:38.978049,3382,INVASAO_FAIXA,Cruzou Linha de Retencao,4061,Carro,0.523,Camera 1,C:\Users\Joice\frontend cognimove\CogniMove\backend\outputs\evidencias\screenshots\INVASAO_FAIXA_20260911_192938_ID4061.jpg,C:\Users\Joice\frontend cognimove\CogniMove\backend\outputs\evidencias\clips\INVASAO_FAIXA_20260911_192938_ID4061.mp4,Pintura desgastada / ausente,0.35,,"{""Pintura desgastada / ausente"": 0.35, ""Sinalização pouco visível"": 0.25, ""Ausência de segregador físico"": 0.2, ""Conduta do condutor"": 0.2}"
2026-09-11T19:29:44.329163,3405,INVASAO_FAIXA,Cruzou Linha de Retencao,4088,Carro,0.445,Camera 1,C:\Users\Joice\frontend cognimove\CogniMove\backend\outputs\evidencias\screenshots\INVASAO_FAIXA_20260911_192944_ID4088.jpg,C:\Users\Joice\frontend cognimove\CogniMove\backend\outputs\evidencias\clips\INVASAO_FAIXA_20260911_192944_ID4088.mp4,Pintura desgastada / ausente,0.35,,"{""Pintura desgastada / ausente"": 0.35, ""Sinalização pouco visível"": 0.25, ""Ausência de segregador físico"": 0.2, ""Conduta do condutor"": 0.2}"
2026-09-11T19:30:02.161695,3482,INVASAO_FAIXA,Cruzou Linha de Retencao,4165,Carro,0.6,Camera 1,C:\Users\Joice\frontend cognimove\CogniMove\backend\outputs\evidencias\screenshots\INVASAO_FAIXA_20260911_193002_ID4165.jpg,C:\Users\Joice\frontend cognimove\CogniMove\backend\outputs\evidencias\clips\INVASAO_FAIXA_20260911_193002_ID4165.mp4,Pintura desgastada / ausente,0.35,,"{""Pintura desgastada / ausente"": 0.35, ""Sinalização pouco visível"": 0.25, ""Ausência de segregador físico"": 0.2, ""Conduta do condutor"": 0.2}"
2026-09-11T19:30:42.815407,3660,INVASAO_FAIXA,Cruzou Linha de Retencao,4439,Carro,0.541,Camera 1,C:\Users\Joice\frontend cognimove\CogniMove\backend\outputs\evidencias\screenshots\INVASAO_FAIXA_20260911_193042_ID4439.jpg,C:\Users\Joice\frontend cognimove\CogniMove\backend\outputs\evidencias\clips\INVASAO_FAIXA_20260911_193042_ID4439.mp4,Pintura desgastada / ausente,0.35,,"{""Pintura desgastada / ausente"": 0.35, ""Sinalização pouco visível"": 0.25, ""Ausência de segregador físico"": 0.2, ""Conduta do condutor"": 0.2}"
2026-09-11T19:30:55.151547,3714,INVASAO_FAIXA,Cruzou Linha de Retencao,4511,Carro,0.416,Camera 1,C:\Users\Joice\frontend cognimove\CogniMove\backend\outputs\evidencias\screenshots\INVASAO_FAIXA_20260911_193055_ID4511.jpg,C:\Users\Joice\frontend cognimove\CogniMove\backend\outputs\evidencias\clips\INVASAO_FAIXA_20260911_193055_ID4511.mp4,Pintura desgastada / ausente,0.35,,"{""Pintura desgastada / ausente"": 0.35, ""Sinalização pouco visível"": 0.25, ""Ausência de segregador físico"": 0.2, ""Conduta do condutor"": 0.2}"
2026-09-11T19:31:48.529372,3933,INVASAO_FAIXA,Cruzou Linha de Retencao,4719,Onibus,0.485,Camera 1,C:\Users\Joice\frontend cognimove\CogniMove\backend\outputs\evidencias\screenshots\INVASAO_FAIXA_20260911_193148_ID4719.jpg,C:\Users\Joice\frontend cognimove\CogniMove\backend\outputs\evidencias\clips\INVASAO_FAIXA_20260911_193148_ID4719.mp4,Pintura desgastada / ausente,0.35,,"{""Pintura desgastada / ausente"": 0.35, ""Sinalização pouco visível"": 0.25, ""Ausência de segregador físico"": 0.2, ""Conduta do condutor"": 0.2}"
2026-09-11T19:31:49.600996,3937,INVASAO_FAIXA,Cruzou Linha de Retencao,4718,Carro,0.618,Camera 1,C:\Users\Joice\frontend cognimove\CogniMove\backend\outputs\evidencias\screenshots\INVASAO_FAIXA_20260911_193149_ID4718.jpg,C:\Users\Joice\frontend cognimove\CogniMove\backend\outputs\evidencias\clips\INVASAO_FAIXA_20260911_193149_ID4718.mp4,Pintura desgastada / ausente,0.35,,"{""Pintura desgastada / ausente"": 0.35, ""Sinalização pouco visível"": 0.25, ""Ausência de segregador físico"": 0.2, ""Conduta do condutor"": 0.2}"
2026-09-11T19:31:51.748013,3946,INVASAO_FAIXA,Cruzou Linha de Retencao,4736,Carro,0.643,Camera 1,C:\Users\Joice\frontend cognimove\CogniMove\backend\outputs\evidencias\screenshots\INVASAO_FAIXA_20260911_193151_ID4736.jpg,C:\Users\Joice\frontend cognimove\CogniMove\backend\outputs\evidencias\clips\INVASAO_FAIXA_20260911_193151_ID4736.mp4,Pintura desgastada / ausente,0.35,,"{""Pintura desgastada / ausente"": 0.35, ""Sinalização pouco visível"": 0.25, ""Ausência de segregador físico"": 0.2, ""Conduta do condutor"": 0.2}"
2026-09-11T19:31:53.306961,3952,INVASAO_FAIXA,Cruzou Linha de Retencao,4739,Carro,0.653,Camera 1,C:\Users\Joice\frontend cognimove\CogniMove\backend\outputs\evidencias\screenshots\INVASAO_FAIXA_20260911_193153_ID4739.jpg,C:\Users\Joice\frontend cognimove\CogniMove\backend\outputs\evidencias\clips\INVASAO_FAIXA_20260911_193153_ID4739.mp4,Pintura desgastada / ausente,0.35,,"{""Pintura desgastada / ausente"": 0.35, ""Sinalização pouco visível"": 0.25, ""Ausência de segregador físico"": 0.2, ""Conduta do condutor"": 0.2}"
2026-09-11T19:31:54.751361,3957,INVASAO_FAIXA,Cruzou Linha de Retencao,4748,Carro,0.55,Camera 1,C:\Users\Joice\frontend cognimove\CogniMove\backend\outputs\evidencias\screenshots\INVASAO_FAIXA_20260911_193154_ID4748.jpg,C:\Users\Joice\frontend cognimove\CogniMove\backend\outputs\evidencias\clips\INVASAO_FAIXA_20260911_193154_ID4748.mp4,Pintura desgastada / ausente,0.35,,"{""Pintura desgastada / ausente"": 0.35, ""Sinalização pouco visível"": 0.25, ""Ausência de segregador físico"": 0.2, ""Conduta do condutor"": 0.2}"
2026-09-11T19:31:58.176335,3967,INVASAO_FAIXA,Cruzou Linha de Retencao,4757,Carro,0.587,Camera 1,C:\Users\Joice\frontend cognimove\CogniMove\backend\outputs\evidencias\screenshots\INVASAO_FAIXA_20260911_193158_ID4757.jpg,C:\Users\Joice\frontend cognimove\CogniMove\backend\outputs\evidencias\clips\INVASAO_FAIXA_20260911_193158_ID4757.mp4,Pintura desgastada / ausente,0.35,,"{""Pintura desgastada / ausente"": 0.35, ""Sinalização pouco visível"": 0.25, ""Ausência de segregador físico"": 0.2, ""Conduta do condutor"": 0.2}"
2026-09-11T19:32:02.154994,3984,INVASAO_FAIXA,Cruzou Linha de Retencao,4801,Carro,0.448,Camera 1,C:\Users\Joice\frontend cognimove\CogniMove\backend\outputs\evidencias\screenshots\INVASAO_FAIXA_20260911_193202_ID4801.jpg,C:\Users\Joice\frontend cognimove\CogniMove\backend\outputs\evidencias\clips\INVASAO_FAIXA_20260911_193202_ID4801.mp4,Pintura desgastada / ausente,0.35,,"{""Pintura desgastada / ausente"": 0.35, ""Sinalização pouco visível"": 0.25, ""Ausência de segregador físico"": 0.2, ""Conduta do condutor"": 0.2}"
2026-09-11T19:32:07.073952,3996,INVASAO_FAIXA,Cruzou Linha de Retencao,4829,Carro,0.683,Camera 1,C:\Users\Joice\frontend cognimove\CogniMove\backend\outputs\evidencias\screenshots\INVASAO_FAIXA_20260911_193207_ID4829.jpg,C:\Users\Joice\frontend cognimove\CogniMove\backend\outputs\evidencias\clips\INVASAO_FAIXA_20260911_193207_ID4829.mp4,Pintura desgastada / ausente,0.35,,"{""Pintura desgastada / ausente"": 0.35, ""Sinalização pouco visível"": 0.25, ""Ausência de segregador físico"": 0.2, ""Conduta do condutor"": 0.2}"
2026-09-11T19:32:11.159293,4003,INVASAO_FAIXA,Cruzou Linha de Retencao,4856,Carro,0.771,Camera 1,C:\Users\Joice\frontend cognimove\CogniMove\backend\outputs\evidencias\screenshots\INVASAO_FAIXA_20260911_193211_ID4856.jpg,C:\Users\Joice\frontend cognimove\CogniMove\backend\outputs\evidencias\clips\INVASAO_FAIXA_20260911_193211_ID4856.mp4,Pintura desgastada / ausente,0.35,,"{""Pintura desgastada / ausente"": 0.35, ""Sinalização pouco visível"": 0.25, ""Ausência de segregador físico"": 0.2, ""Conduta do condutor"": 0.2}"
2026-09-11T19:32:14.251444,4012,INVASAO_FAIXA,Cruzou Linha de Retencao,4855,Caminhao,0.767,Camera 1,C:\Users\Joice\frontend cognimove\CogniMove\backend\outputs\evidencias\screenshots\INVASAO_FAIXA_20260911_193214_ID4855.jpg,C:\Users\Joice\frontend cognimove\CogniMove\backend\outputs\evidencias\clips\INVASAO_FAIXA_20260911_193214_ID4855.mp4,Pintura desgastada / ausente,0.35,,"{""Pintura desgastada / ausente"": 0.35, ""Sinalização pouco visível"": 0.25, ""Ausência de segregador físico"": 0.2, ""Conduta do condutor"": 0.2}"
2026-09-11T19:32:18.726400,4029,INVASAO_FAIXA,Cruzou Linha de Retencao,4902,Carro,0.845,Camera 1,C:\Users\Joice\frontend cognimove\CogniMove\backend\outputs\evidencias\screenshots\INVASAO_FAIXA_20260911_193218_ID4902.jpg,C:\Users\Joice\frontend cognimove\CogniMove\backend\outputs\evidencias\clips\INVASAO_FAIXA_20260911_193218_ID4902.mp4,Pintura desgastada / ausente,0.35,,"{""Pintura desgastada / ausente"": 0.35, ""Sinalização pouco visível"": 0.25, ""Ausência de segregador físico"": 0.2, ""Conduta do condutor"": 0.2}"
2026-09-11T19:32:20.675543,4036,INVASAO_FAIXA,Cruzou Linha de Retencao,4929,Carro,0.599,Camera 1,C:\Users\Joice\frontend cognimove\CogniMove\backend\outputs\evidencias\screenshots\INVASAO_FAIXA_20260911_193220_ID4929.jpg,C:\Users\Joice\frontend cognimove\CogniMove\backend\outputs\evidencias\clips\INVASAO_FAIXA_20260911_193220_ID4929.mp4,Pintura desgastada / ausente,0.35,,"{""Pintura desgastada / ausente"": 0.35, ""Sinalização pouco visível"": 0.25, ""Ausência de segregador físico"": 0.2, ""Conduta do condutor"": 0.2}"
2026-09-11T19:32:24.602155,4044,INVASAO_FAIXA,Cruzou Linha de Retencao,4945,Carro,0.594,Camera 1,C:\Users\Joice\frontend cognimove\CogniMove\backend\outputs\evidencias\screenshots\INVASAO_FAIXA_20260911_193224_ID4945.jpg,C:\Users\Joice\frontend cognimove\CogniMove\backend\outputs\evidencias\clips\INVASAO_FAIXA_20260911_193224_ID4945.mp4,Pintura desgastada / ausente,0.35,,"{""Pintura desgastada / ausente"": 0.35, ""Sinalização pouco visível"": 0.25, ""Ausência de segregador físico"": 0.2, ""Conduta do condutor"": 0.2}"
2026-09-11T19:32:26.641247,4052,INVASAO_FAIXA,Cruzou Linha de Retencao,4946,Carro,0.851,Camera 1,C:\Users\Joice\frontend cognimove\CogniMove\backend\outputs\evidencias\screenshots\INVASAO_FAIXA_20260911_193226_ID4946.jpg,C:\Users\Joice\frontend cognimove\CogniMove\backend\outputs\evidencias\clips\INVASAO_FAIXA_20260911_193226_ID4946.mp4,Pintura desgastada / ausente,0.35,,"{""Pintura desgastada / ausente"": 0.35, ""Sinalização pouco visível"": 0.25, ""Ausência de segregador físico"": 0.2, ""Conduta do condutor"": 0.2}"
2026-09-11T19:32:32.706280,4076,INVASAO_FAIXA,Cruzou Linha de Retencao,4973,Carro,0.677,Camera 1,C:\Users\Joice\frontend cognimove\CogniMove\backend\outputs\evidencias\screenshots\INVASAO_FAIXA_20260911_193232_ID4973.jpg,C:\Users\Joice\frontend cognimove\CogniMove\backend\outputs\evidencias\clips\INVASAO_FAIXA_20260911_193232_ID4973.mp4,Pintura desgastada / ausente,0.35,,"{""Pintura desgastada / ausente"": 0.35, ""Sinalização pouco visível"": 0.25, ""Ausência de segregador físico"": 0.2, ""Conduta do condutor"": 0.2}"
2026-09-11T19:33:09.114477,4248,INVASAO_FAIXA,Cruzou Linha de Retencao,4567,Carro,0.784,Camera 1,C:\Users\Joice\frontend cognimove\CogniMove\backend\outputs\evidencias\screenshots\INVASAO_FAIXA_20260911_193309_ID4567.jpg,C:\Users\Joice\frontend cognimove\CogniMove\backend\outputs\evidencias\clips\INVASAO_FAIXA_20260911_193309_ID4567.mp4,Pintura desgastada / ausente,0.35,,"{""Pintura desgastada / ausente"": 0.35, ""Sinalização pouco visível"": 0.25, ""Ausência de segregador físico"": 0.2, ""Conduta do condutor"": 0.2}"
2026-09-11T19:33:34.208304,4353,INVASAO_FAIXA,Cruzou Linha de Retencao,5195,Carro,0.233,Camera 1,C:\Users\Joice\frontend cognimove\CogniMove\backend\outputs\evidencias\screenshots\INVASAO_FAIXA_20260911_193334_ID5195.jpg,C:\Users\Joice\frontend cognimove\CogniMove\backend\outputs\evidencias\clips\INVASAO_FAIXA_20260911_193334_ID5195.mp4,Pintura desgastada / ausente,0.35,,"{""Pintura desgastada / ausente"": 0.35, ""Sinalização pouco visível"": 0.25, ""Ausência de segregador físico"": 0.2, ""Conduta do condutor"": 0.2}"
2026-09-11T19:33:37.722726,4360,INVASAO_FAIXA,Cruzou Linha de Retencao,5214,Carro,0.861,Camera 1,C:\Users\Joice\frontend cognimove\CogniMove\backend\outputs\evidencias\screenshots\INVASAO_FAIXA_20260911_193337_ID5214.jpg,C:\Users\Joice\frontend cognimove\CogniMove\backend\outputs\evidencias\clips\INVASAO_FAIXA_20260911_193337_ID5214.mp4,Pintura desgastada / ausente,0.35,,"{""Pintura desgastada / ausente"": 0.35, ""Sinalização pouco visível"": 0.25, ""Ausência de segregador físico"": 0.2, ""Conduta do condutor"": 0.2}"
2026-09-11T19:33:45.677842,4388,INVASAO_FAIXA,Cruzou Linha de Retencao,5253,Carro,0.6,Camera 1,C:\Users\Joice\frontend cognimove\CogniMove\backend\outputs\evidencias\screenshots\INVASAO_FAIXA_20260911_193345_ID5253.jpg,C:\Users\Joice\frontend cognimove\CogniMove\backend\outputs\evidencias\clips\INVASAO_FAIXA_20260911_193345_ID5253.mp4,Pintura desgastada / ausente,0.35,,"{""Pintura desgastada / ausente"": 0.35, ""Sinalização pouco visível"": 0.25, ""Ausência de segregador físico"": 0.2, ""Conduta do condutor"": 0.2}"
2026-09-11T19:33:46.503094,4390,INVASAO_FAIXA,Cruzou Linha de Retencao,5257,Carro,0.798,Camera 1,C:\Users\Joice\frontend cognimove\CogniMove\backend\outputs\evidencias\screenshots\INVASAO_FAIXA_20260911_193346_ID5257.jpg,C:\Users\Joice\frontend cognimove\CogniMove\backend\outputs\evidencias\clips\INVASAO_FAIXA_20260911_193346_ID5257.mp4,Pintura desgastada / ausente,0.35,,"{""Pintura desgastada / ausente"": 0.35, ""Sinalização pouco visível"": 0.25, ""Ausência de segregador físico"": 0.2, ""Conduta do condutor"": 0.2}"
2026-09-11T19:34:20.089811,4482,INVASAO_FAIXA,Cruzou Linha de Retencao,5406,Carro,0.812,Camera 1,C:\Users\Joice\frontend cognimove\CogniMove\backend\outputs\evidencias\screenshots\INVASAO_FAIXA_20260911_193420_ID5406.jpg,C:\Users\Joice\frontend cognimove\CogniMove\backend\outputs\evidencias\clips\INVASAO_FAIXA_20260911_193420_ID5406.mp4,Pintura desgastada / ausente,0.35,,"{""Pintura desgastada / ausente"": 0.35, ""Sinalização pouco visível"": 0.25, ""Ausência de segregador físico"": 0.2, ""Conduta do condutor"": 0.2}"
2026-09-11T19:34:58.236626,4636,INVASAO_FAIXA,Cruzou Linha de Retencao,5555,Carro,0.485,Camera 1,C:\Users\Joice\frontend cognimove\CogniMove\backend\outputs\evidencias\screenshots\INVASAO_FAIXA_20260911_193458_ID5555.jpg,C:\Users\Joice\frontend cognimove\CogniMove\backend\outputs\evidencias\clips\INVASAO_FAIXA_20260911_193458_ID5555.mp4,Pintura desgastada / ausente,0.35,,"{""Pintura desgastada / ausente"": 0.35, ""Sinalização pouco visível"": 0.25, ""Ausência de segregador físico"": 0.2, ""Conduta do condutor"": 0.2}"
2026-09-11T19:35:00.593675,4645,INVASAO_FAIXA,Cruzou Linha de Retencao,5569,Carro,0.691,Camera 1,C:\Users\Joice\frontend cognimove\CogniMove\backend\outputs\evidencias\screenshots\INVASAO_FAIXA_20260911_193500_ID5569.jpg,C:\Users\Joice\frontend cognimove\CogniMove\backend\outputs\evidencias\clips\INVASAO_FAIXA_20260911_193500_ID5569.mp4,Pintura desgastada / ausente,0.35,,"{""Pintura desgastada / ausente"": 0.35, ""Sinalização pouco visível"": 0.25, ""Ausência de segregador físico"": 0.2, ""Conduta do condutor"": 0.2}"
2026-09-11T19:35:02.418627,4652,INVASAO_FAIXA,Cruzou Linha de Retencao,5575,Carro,0.561,Camera 1,C:\Users\Joice\frontend cognimove\CogniMove\backend\outputs\evidencias\screenshots\INVASAO_FAIXA_20260911_193502_ID5575.jpg,C:\Users\Joice\frontend cognimove\CogniMove\backend\outputs\evidencias\clips\INVASAO_FAIXA_20260911_193502_ID5575.mp4,Pintura desgastada / ausente,0.35,,"{""Pintura desgastada / ausente"": 0.35, ""Sinalização pouco visível"": 0.25, ""Ausência de segregador físico"": 0.2, ""Conduta do condutor"": 0.2}"
2026-09-11T19:35:04.936672,4659,INVASAO_FAIXA,Cruzou Linha de Retencao,5577,Caminhao,0.309,Camera 1,C:\Users\Joice\frontend cognimove\CogniMove\backend\outputs\evidencias\screenshots\INVASAO_FAIXA_20260911_193504_ID5577.jpg,C:\Users\Joice\frontend cognimove\CogniMove\backend\outputs\evidencias\clips\INVASAO_FAIXA_20260911_193504_ID5577.mp4,Pintura desgastada / ausente,0.35,,"{""Pintura desgastada / ausente"": 0.35, ""Sinalização pouco visível"": 0.25, ""Ausência de segregador físico"": 0.2, ""Conduta do condutor"": 0.2}"
2026-09-11T19:35:04.936672,4659,INVASAO_FAIXA,Cruzou Linha de Retencao,5578,Carro,0.721,Camera 1,C:\Users\Joice\frontend cognimove\CogniMove\backend\outputs\evidencias\screenshots\INVASAO_FAIXA_20260911_193504_ID5578.jpg,C:\Users\Joice\frontend cognimove\CogniMove\backend\outputs\evidencias\clips\INVASAO_FAIXA_20260911_193504_ID5578.mp4,Pintura desgastada / ausente,0.35,,"{""Pintura desgastada / ausente"": 0.35, ""Sinalização pouco visível"": 0.25, ""Ausência de segregador físico"": 0.2, ""Conduta do condutor"": 0.2}"
2026-09-11T19:35:07.351792,4668,INVASAO_FAIXA,Cruzou Linha de Retencao,5585,Carro,0.634,Camera 1,C:\Users\Joice\frontend cognimove\CogniMove\backend\outputs\evidencias\screenshots\INVASAO_FAIXA_20260911_193507_ID5585.jpg,C:\Users\Joice\frontend cognimove\CogniMove\backend\outputs\evidencias\clips\INVASAO_FAIXA_20260911_193507_ID5585.mp4,Pintura desgastada / ausente,0.35,,"{""Pintura desgastada / ausente"": 0.35, ""Sinalização pouco visível"": 0.25, ""Ausência de segregador físico"": 0.2, ""Conduta do condutor"": 0.2}"
2026-09-11T19:35:09.995345,4678,INVASAO_FAIXA,Cruzou Linha de Retencao,5609,Carro,0.662,Camera 1,C:\Users\Joice\frontend cognimove\CogniMove\backend\outputs\evidencias\screenshots\INVASAO_FAIXA_20260911_193509_ID5609.jpg,C:\Users\Joice\frontend cognimove\CogniMove\backend\outputs\evidencias\clips\INVASAO_FAIXA_20260911_193509_ID5609.mp4,Pintura desgastada / ausente,0.35,,"{""Pintura desgastada / ausente"": 0.35, ""Sinalização pouco visível"": 0.25, ""Ausência de segregador físico"": 0.2, ""Conduta do condutor"": 0.2}"
2026-09-11T19:35:13.244345,4689,INVASAO_FAIXA,Cruzou Linha de Retencao,5629,Carro,0.772,Camera 1,C:\Users\Joice\frontend cognimove\CogniMove\backend\outputs\evidencias\screenshots\INVASAO_FAIXA_20260911_193513_ID5629.jpg,C:\Users\Joice\frontend cognimove\CogniMove\backend\outputs\evidencias\clips\INVASAO_FAIXA_20260911_193513_ID5629.mp4,Pintura desgastada / ausente,0.35,,"{""Pintura desgastada / ausente"": 0.35, ""Sinalização pouco visível"": 0.25, ""Ausência de segregador físico"": 0.2, ""Conduta do condutor"": 0.2}"
2026-09-11T19:35:14.842922,4694,INVASAO_FAIXA,Cruzou Linha de Retencao,5596,Moto,0.34,Camera 1,C:\Users\Joice\frontend cognimove\CogniMove\backend\outputs\evidencias\screenshots\INVASAO_FAIXA_20260911_193514_ID5596.jpg,C:\Users\Joice\frontend cognimove\CogniMove\backend\outputs\evidencias\clips\INVASAO_FAIXA_20260911_193514_ID5596.mp4,Pintura desgastada / ausente,0.35,,"{""Pintura desgastada / ausente"": 0.35, ""Sinalização pouco visível"": 0.25, ""Ausência de segregador físico"": 0.2, ""Conduta do condutor"": 0.2}"
2026-09-11T19:36:05.854017,4870,INVASAO_FAIXA,Cruzou Linha de Retencao,5858,Carro,0.482,Camera 1,C:\Users\Joice\frontend cognimove\CogniMove\backend\outputs\evidencias\screenshots\INVASAO_FAIXA_20260911_193605_ID5858.jpg,C:\Users\Joice\frontend cognimove\CogniMove\backend\outputs\evidencias\clips\INVASAO_FAIXA_20260911_193605_ID5858.mp4,Pintura desgastada / ausente,0.35,,"{""Pintura desgastada / ausente"": 0.35, ""Sinalização pouco visível"": 0.25, ""Ausência de segregador físico"": 0.2, ""Conduta do condutor"": 0.2}"
2026-09-11T19:36:35.972998,4983,INVASAO_FAIXA,Cruzou Linha de Retencao,6016,Carro,0.398,Camera 1,C:\Users\Joice\frontend cognimove\CogniMove\backend\outputs\evidencias\screenshots\INVASAO_FAIXA_20260911_193635_ID6016.jpg,C:\Users\Joice\frontend cognimove\CogniMove\backend\outputs\evidencias\clips\INVASAO_FAIXA_20260911_193635_ID6016.mp4,Pintura desgastada / ausente,0.35,,"{""Pintura desgastada / ausente"": 0.35, ""Sinalização pouco visível"": 0.25, ""Ausência de segregador físico"": 0.2, ""Conduta do condutor"": 0.2}"
2026-09-11T19:36:55.348548,5055,INVASAO_FAIXA,Cruzou Linha de Retencao,6127,Carro,0.769,Camera 1,C:\Users\Joice\frontend cognimove\CogniMove\backend\outputs\evidencias\screenshots\INVASAO_FAIXA_20260911_193655_ID6127.jpg,C:\Users\Joice\frontend cognimove\CogniMove\backend\outputs\evidencias\clips\INVASAO_FAIXA_20260911_193655_ID6127.mp4,Pintura desgastada / ausente,0.35,,"{""Pintura desgastada / ausente"": 0.35, ""Sinalização pouco visível"": 0.25, ""Ausência de segregador físico"": 0.2, ""Conduta do condutor"": 0.2}"
2026-09-11T19:37:10.797159,5111,INVASAO_FAIXA,Cruzou Linha de Retencao,6197,Carro,0.875,Camera 1,C:\Users\Joice\frontend cognimove\CogniMove\backend\outputs\evidencias\screenshots\INVASAO_FAIXA_20260911_193710_ID6197.jpg,C:\Users\Joice\frontend cognimove\CogniMove\backend\outputs\evidencias\clips\INVASAO_FAIXA_20260911_193710_ID6197.mp4,Pintura desgastada / ausente,0.35,,"{""Pintura desgastada / ausente"": 0.35, ""Sinalização pouco visível"": 0.25, ""Ausência de segregador físico"": 0.2, ""Conduta do condutor"": 0.2}"
2026-09-11T19:37:24.114873,5162,INVASAO_FAIXA,Cruzou Linha de Retencao,6268,Carro,0.843,Camera 1,C:\Users\Joice\frontend cognimove\CogniMove\backend\outputs\evidencias\screenshots\INVASAO_FAIXA_20260911_193724_ID6268.jpg,C:\Users\Joice\frontend cognimove\CogniMove\backend\outputs\evidencias\clips\INVASAO_FAIXA_20260911_193724_ID6268.mp4,Pintura desgastada / ausente,0.35,,"{""Pintura desgastada / ausente"": 0.35, ""Sinalização pouco visível"": 0.25, ""Ausência de segregador físico"": 0.2, ""Conduta do condutor"": 0.2}"
2026-09-11T19:38:01.939214,5296,INVASAO_FAIXA,Cruzou Linha de Retencao,6423,Carro,0.802,Camera 1,C:\Users\Joice\frontend cognimove\CogniMove\backend\outputs\evidencias\screenshots\INVASAO_FAIXA_20260911_193801_ID6423.jpg,C:\Users\Joice\frontend cognimove\CogniMove\backend\outputs\evidencias\clips\INVASAO_FAIXA_20260911_193801_ID6423.mp4,Pintura desgastada / ausente,0.35,,"{""Pintura desgastada / ausente"": 0.35, ""Sinalização pouco visível"": 0.25, ""Ausência de segregador físico"": 0.2, ""Conduta do condutor"": 0.2}"
2026-09-11T19:38:07.034279,5316,INVASAO_FAIXA,Cruzou Linha de Retencao,6480,Carro,0.516,Camera 1,C:\Users\Joice\frontend cognimove\CogniMove\backend\outputs\evidencias\screenshots\INVASAO_FAIXA_20260911_193807_ID6480.jpg,C:\Users\Joice\frontend cognimove\CogniMove\backend\outputs\evidencias\clips\INVASAO_FAIXA_20260911_193807_ID6480.mp4,Pintura desgastada / ausente,0.35,,"{""Pintura desgastada / ausente"": 0.35, ""Sinalização pouco visível"": 0.25, ""Ausência de segregador físico"": 0.2, ""Conduta do condutor"": 0.2}"
2026-09-11T19:38:10.382146,5327,INVASAO_FAIXA,Cruzou Linha de Retencao,6493,Carro,0.524,Camera 1,C:\Users\Joice\frontend cognimove\CogniMove\backend\outputs\evidencias\screenshots\INVASAO_FAIXA_20260911_193810_ID6493.jpg,C:\Users\Joice\frontend cognimove\CogniMove\backend\outputs\evidencias\clips\INVASAO_FAIXA_20260911_193810_ID6493.mp4,Pintura desgastada / ausente,0.35,,"{""Pintura desgastada / ausente"": 0.35, ""Sinalização pouco visível"": 0.25, ""Ausência de segregador físico"": 0.2, ""Conduta do condutor"": 0.2}"
2026-09-11T19:38:14.145978,5340,INVASAO_FAIXA,Cruzou Linha de Retencao,6518,Carro,0.419,Camera 1,C:\Users\Joice\frontend cognimove\CogniMove\backend\outputs\evidencias\screenshots\INVASAO_FAIXA_20260911_193814_ID6518.jpg,C:\Users\Joice\frontend cognimove\CogniMove\backend\outputs\evidencias\clips\INVASAO_FAIXA_20260911_193814_ID6518.mp4,Pintura desgastada / ausente,0.35,,"{""Pintura desgastada / ausente"": 0.35, ""Sinalização pouco visível"": 0.25, ""Ausência de segregador físico"": 0.2, ""Conduta do condutor"": 0.2}"
2026-09-11T19:38:18.488716,5351,INVASAO_FAIXA,Cruzou Linha de Retencao,6530,Carro,0.722,Camera 1,C:\Users\Joice\frontend cognimove\CogniMove\backend\outputs\evidencias\screenshots\INVASAO_FAIXA_20260911_193818_ID6530.jpg,C:\Users\Joice\frontend cognimove\CogniMove\backend\outputs\evidencias\clips\INVASAO_FAIXA_20260911_193818_ID6530.mp4,Pintura desgastada / ausente,0.35,,"{""Pintura desgastada / ausente"": 0.35, ""Sinalização pouco visível"": 0.25, ""Ausência de segregador físico"": 0.2, ""Conduta do condutor"": 0.2}"
2026-09-11T19:38:24.870903,5365,INVASAO_FAIXA,Cruzou Linha de Retencao,6548,Carro,0.679,Camera 1,C:\Users\Joice\frontend cognimove\CogniMove\backend\outputs\evidencias\screenshots\INVASAO_FAIXA_20260911_193824_ID6548.jpg,C:\Users\Joice\frontend cognimove\CogniMove\backend\outputs\evidencias\clips\INVASAO_FAIXA_20260911_193824_ID6548.mp4,Pintura desgastada / ausente,0.35,,"{""Pintura desgastada / ausente"": 0.35, ""Sinalização pouco visível"": 0.25, ""Ausência de segregador físico"": 0.2, ""Conduta do condutor"": 0.2}"
2026-09-11T19:38:29.613462,5377,INVASAO_FAIXA,Cruzou Linha de Retencao,6554,Carro,0.736,Camera 1,C:\Users\Joice\frontend cognimove\CogniMove\backend\outputs\evidencias\screenshots\INVASAO_FAIXA_20260911_193829_ID6554.jpg,C:\Users\Joice\frontend cognimove\CogniMove\backend\outputs\evidencias\clips\INVASAO_FAIXA_20260911_193829_ID6554.mp4,Pintura desgastada / ausente,0.35,,"{""Pintura desgastada / ausente"": 0.35, ""Sinalização pouco visível"": 0.25, ""Ausência de segregador físico"": 0.2, ""Conduta do condutor"": 0.2}"
2026-09-11T19:38:30.264087,5379,INVASAO_FAIXA,Cruzou Linha de Retencao,6563,Carro,0.544,Camera 1,C:\Users\Joice\frontend cognimove\CogniMove\backend\outputs\evidencias\screenshots\INVASAO_FAIXA_20260911_193830_ID6563.jpg,C:\Users\Joice\frontend cognimove\CogniMove\backend\outputs\evidencias\clips\INVASAO_FAIXA_20260911_193830_ID6563.mp4,Pintura desgastada / ausente,0.35,,"{""Pintura desgastada / ausente"": 0.35, ""Sinalização pouco visível"": 0.25, ""Ausência de segregador físico"": 0.2, ""Conduta do condutor"": 0.2}"
2026-09-11T19:39:23.365485,5581,INVASAO_FAIXA,Cruzou Linha de Retencao,6691,Caminhao,0.451,Camera 1,C:\Users\Joice\frontend cognimove\CogniMove\backend\outputs\evidencias\screenshots\INVASAO_FAIXA_20260911_193923_ID6691.jpg,C:\Users\Joice\frontend cognimove\CogniMove\backend\outputs\evidencias\clips\INVASAO_FAIXA_20260911_193923_ID6691.mp4,Pintura desgastada / ausente,0.35,,"{""Pintura desgastada / ausente"": 0.35, ""Sinalização pouco visível"": 0.25, ""Ausência de segregador físico"": 0.2, ""Conduta do condutor"": 0.2}"
2026-09-11T19:39:28.998033,5605,INVASAO_FAIXA,Cruzou Linha de Retencao,6716,Carro,0.408,Camera 1,C:\Users\Joice\frontend cognimove\CogniMove\backend\outputs\evidencias\screenshots\INVASAO_FAIXA_20260911_193928_ID6716.jpg,C:\Users\Joice\frontend cognimove\CogniMove\backend\outputs\evidencias\clips\INVASAO_FAIXA_20260911_193928_ID6716.mp4,Pintura desgastada / ausente,0.35,,"{""Pintura desgastada / ausente"": 0.35, ""Sinalização pouco visível"": 0.25, ""Ausência de segregador físico"": 0.2, ""Conduta do condutor"": 0.2}"
2026-09-11T19:39:37.033231,5643,INVASAO_FAIXA,Cruzou Linha de Retencao,6752,Carro,0.682,Camera 1,C:\Users\Joice\frontend cognimove\CogniMove\backend\outputs\evidencias\screenshots\INVASAO_FAIXA_20260911_193937_ID6752.jpg,C:\Users\Joice\frontend cognimove\CogniMove\backend\outputs\evidencias\clips\INVASAO_FAIXA_20260911_193937_ID6752.mp4,Pintura desgastada / ausente,0.35,,"{""Pintura desgastada / ausente"": 0.35, ""Sinalização pouco visível"": 0.25, ""Ausência de segregador físico"": 0.2, ""Conduta do condutor"": 0.2}"
2026-09-11T19:39:48.051009,5687,INVASAO_FAIXA,Cruzou Linha de Retencao,6842,Carro,0.659,Camera 1,C:\Users\Joice\frontend cognimove\CogniMove\backend\outputs\evidencias\screenshots\INVASAO_FAIXA_20260911_193948_ID6842.jpg,C:\Users\Joice\frontend cognimove\CogniMove\backend\outputs\evidencias\clips\INVASAO_FAIXA_20260911_193948_ID6842.mp4,Pintura desgastada / ausente,0.35,,"{""Pintura desgastada / ausente"": 0.35, ""Sinalização pouco visível"": 0.25, ""Ausência de segregador físico"": 0.2, ""Conduta do condutor"": 0.2}"
2026-09-11T19:39:49.028000,5691,INVASAO_FAIXA,Cruzou Linha de Retencao,6809,Carro,0.71,Camera 1,C:\Users\Joice\frontend cognimove\CogniMove\backend\outputs\evidencias\screenshots\INVASAO_FAIXA_20260911_193949_ID6809.jpg,C:\Users\Joice\frontend cognimove\CogniMove\backend\outputs\evidencias\clips\INVASAO_FAIXA_20260911_193949_ID6809.mp4,Pintura desgastada / ausente,0.35,,"{""Pintura desgastada / ausente"": 0.35, ""Sinalização pouco visível"": 0.25, ""Ausência de segregador físico"": 0.2, ""Conduta do condutor"": 0.2}"
2026-09-11T19:39:59.733670,5737,INVASAO_FAIXA,Cruzou Linha de Retencao,6922,Carro,0.818,Camera 1,C:\Users\Joice\frontend cognimove\CogniMove\backend\outputs\evidencias\screenshots\INVASAO_FAIXA_20260911_193959_ID6922.jpg,C:\Users\Joice\frontend cognimove\CogniMove\backend\outputs\evidencias\clips\INVASAO_FAIXA_20260911_193959_ID6922.mp4,Pintura desgastada / ausente,0.35,,"{""Pintura desgastada / ausente"": 0.35, ""Sinalização pouco visível"": 0.25, ""Ausência de segregador físico"": 0.2, ""Conduta do condutor"": 0.2}"
2026-09-11T19:40:20.234907,5829,INVASAO_FAIXA,Cruzou Linha de Retencao,7108,Carro,0.86,Camera 1,C:\Users\Joice\frontend cognimove\CogniMove\backend\outputs\evidencias\screenshots\INVASAO_FAIXA_20260911_194020_ID7108.jpg,C:\Users\Joice\frontend cognimove\CogniMove\backend\outputs\evidencias\clips\INVASAO_FAIXA_20260911_194020_ID7108.mp4,Pintura desgastada / ausente,0.35,,"{""Pintura desgastada / ausente"": 0.35, ""Sinalização pouco visível"": 0.25, ""Ausência de segregador físico"": 0.2, ""Conduta do condutor"": 0.2}"
2026-09-11T19:40:36.247278,5904,INVASAO_FAIXA,Cruzou Linha de Retencao,7261,Carro,0.762,Camera 1,C:\Users\Joice\frontend cognimove\CogniMove\backend\outputs\evidencias\screenshots\INVASAO_FAIXA_20260911_194036_ID7261.jpg,C:\Users\Joice\frontend cognimove\CogniMove\backend\outputs\evidencias\clips\INVASAO_FAIXA_20260911_194036_ID7261.mp4,Pintura desgastada / ausente,0.35,,"{""Pintura desgastada / ausente"": 0.35, ""Sinalização pouco visível"": 0.25, ""Ausência de segregador físico"": 0.2, ""Conduta do condutor"": 0.2}"
2026-09-11T19:41:10.753623,6063,INVASAO_FAIXA,Cruzou Linha de Retencao,7371,Carro,0.449,Camera 1,C:\Users\Joice\frontend cognimove\CogniMove\backend\outputs\evidencias\screenshots\INVASAO_FAIXA_20260911_194110_ID7371.jpg,C:\Users\Joice\frontend cognimove\CogniMove\backend\outputs\evidencias\clips\INVASAO_FAIXA_20260911_194110_ID7371.mp4,Pintura desgastada / ausente,0.35,,"{""Pintura desgastada / ausente"": 0.35, ""Sinalização pouco visível"": 0.25, ""Ausência de segregador físico"": 0.2, ""Conduta do condutor"": 0.2}"
2026-09-11T19:41:14.549546,6079,INVASAO_FAIXA,Cruzou Linha de Retencao,7391,Carro,0.568,Camera 1,C:\Users\Joice\frontend cognimove\CogniMove\backend\outputs\evidencias\screenshots\INVASAO_FAIXA_20260911_194114_ID7391.jpg,C:\Users\Joice\frontend cognimove\CogniMove\backend\outputs\evidencias\clips\INVASAO_FAIXA_20260911_194114_ID7391.mp4,Pintura desgastada / ausente,0.35,,"{""Pintura desgastada / ausente"": 0.35, ""Sinalização pouco visível"": 0.25, ""Ausência de segregador físico"": 0.2, ""Conduta do condutor"": 0.2}"
2026-09-11T19:41:16.831433,6090,INVASAO_FAIXA,Cruzou Linha de Retencao,7407,Carro,0.746,Camera 1,C:\Users\Joice\frontend cognimove\CogniMove\backend\outputs\evidencias\screenshots\INVASAO_FAIXA_20260911_194116_ID7407.jpg,C:\Users\Joice\frontend cognimove\CogniMove\backend\outputs\evidencias\clips\INVASAO_FAIXA_20260911_194116_ID7407.mp4,Pintura desgastada / ausente,0.35,,"{""Pintura desgastada / ausente"": 0.35, ""Sinalização pouco visível"": 0.25, ""Ausência de segregador físico"": 0.2, ""Conduta do condutor"": 0.2}"
2026-09-11T19:41:20.954978,6107,INVASAO_FAIXA,Cruzou Linha de Retencao,7425,Carro,0.7,Camera 1,C:\Users\Joice\frontend cognimove\CogniMove\backend\outputs\evidencias\screenshots\INVASAO_FAIXA_20260911_194120_ID7425.jpg,C:\Users\Joice\frontend cognimove\CogniMove\backend\outputs\evidencias\clips\INVASAO_FAIXA_20260911_194120_ID7425.mp4,Pintura desgastada / ausente,0.35,,"{""Pintura desgastada / ausente"": 0.35, ""Sinalização pouco visível"": 0.25, ""Ausência de segregador físico"": 0.2, ""Conduta do condutor"": 0.2}"
2026-09-11T19:41:22.723724,6114,INVASAO_FAIXA,Cruzou Linha de Retencao,7433,Carro,0.693,Camera 1,C:\Users\Joice\frontend cognimove\CogniMove\backend\outputs\evidencias\screenshots\INVASAO_FAIXA_20260911_194122_ID7433.jpg,C:\Users\Joice\frontend cognimove\CogniMove\backend\outputs\evidencias\clips\INVASAO_FAIXA_20260911_194122_ID7433.mp4,Pintura desgastada / ausente,0.35,,"{""Pintura desgastada / ausente"": 0.35, ""Sinalização pouco visível"": 0.25, ""Ausência de segregador físico"": 0.2, ""Conduta do condutor"": 0.2}"
2026-09-11T19:41:24.176073,6121,INVASAO_FAIXA,Cruzou Linha de Retencao,7446,Carro,0.728,Camera 1,C:\Users\Joice\frontend cognimove\CogniMove\backend\outputs\evidencias\screenshots\INVASAO_FAIXA_20260911_194124_ID7446.jpg,C:\Users\Joice\frontend cognimove\CogniMove\backend\outputs\evidencias\clips\INVASAO_FAIXA_20260911_194124_ID7446.mp4,Pintura desgastada / ausente,0.35,,"{""Pintura desgastada / ausente"": 0.35, ""Sinalização pouco visível"": 0.25, ""Ausência de segregador físico"": 0.2, ""Conduta do condutor"": 0.2}"
2026-09-11T19:42:00.777266,6276,INVASAO_FAIXA,Cruzou Linha de Retencao,7561,Carro,0.569,Camera 1,C:\Users\Joice\frontend cognimove\CogniMove\backend\outputs\evidencias\screenshots\INVASAO_FAIXA_20260911_194200_ID7561.jpg,C:\Users\Joice\frontend cognimove\CogniMove\backend\outputs\evidencias\clips\INVASAO_FAIXA_20260911_194200_ID7561.mp4,Pintura desgastada / ausente,0.35,,"{""Pintura desgastada / ausente"": 0.35, ""Sinalização pouco visível"": 0.25, ""Ausência de segregador físico"": 0.2, ""Conduta do condutor"": 0.2}"
2026-09-11T19:42:11.856295,6333,INVASAO_FAIXA,Cruzou Linha de Retencao,7593,Carro,0.843,Camera 1,C:\Users\Joice\frontend cognimove\CogniMove\backend\outputs\evidencias\screenshots\INVASAO_FAIXA_20260911_194211_ID7593.jpg,C:\Users\Joice\frontend cognimove\CogniMove\backend\outputs\evidencias\clips\INVASAO_FAIXA_20260911_194211_ID7593.mp4,Pintura desgastada / ausente,0.35,,"{""Pintura desgastada / ausente"": 0.35, ""Sinalização pouco visível"": 0.25, ""Ausência de segregador físico"": 0.2, ""Conduta do condutor"": 0.2}"
2026-09-11T19:42:19.475812,6369,INVASAO_FAIXA,Cruzou Linha de Retencao,7638,Carro,0.806,Camera 1,C:\Users\Joice\frontend cognimove\CogniMove\backend\outputs\evidencias\screenshots\INVASAO_FAIXA_20260911_194219_ID7638.jpg,C:\Users\Joice\frontend cognimove\CogniMove\backend\outputs\evidencias\clips\INVASAO_FAIXA_20260911_194219_ID7638.mp4,Pintura desgastada / ausente,0.35,,"{""Pintura desgastada / ausente"": 0.35, ""Sinalização pouco visível"": 0.25, ""Ausência de segregador físico"": 0.2, ""Conduta do condutor"": 0.2}"
2026-09-11T19:42:46.836114,6498,INVASAO_FAIXA,Cruzou Linha de Retencao,7750,Caminhao,0.589,Camera 1,C:\Users\Joice\frontend cognimove\CogniMove\backend\outputs\evidencias\screenshots\INVASAO_FAIXA_20260911_194246_ID7750.jpg,C:\Users\Joice\frontend cognimove\CogniMove\backend\outputs\evidencias\clips\INVASAO_FAIXA_20260911_194246_ID7750.mp4,Pintura desgastada / ausente,0.35,,"{""Pintura desgastada / ausente"": 0.35, ""Sinalização pouco visível"": 0.25, ""Ausência de segregador físico"": 0.2, ""Conduta do condutor"": 0.2}"
2026-09-11T19:42:51.554976,6520,INVASAO_FAIXA,Cruzou Linha de Retencao,7789,Carro,0.735,Camera 1,C:\Users\Joice\frontend cognimove\CogniMove\backend\outputs\evidencias\screenshots\INVASAO_FAIXA_20260911_194251_ID7789.jpg,C:\Users\Joice\frontend cognimove\CogniMove\backend\outputs\evidencias\clips\INVASAO_FAIXA_20260911_194251_ID7789.mp4,Pintura desgastada / ausente,0.35,,"{""Pintura desgastada / ausente"": 0.35, ""Sinalização pouco visível"": 0.25, ""Ausência de segregador físico"": 0.2, ""Conduta do condutor"": 0.2}"
2026-09-11T19:42:53.858948,6530,INVASAO_FAIXA,Cruzou Linha de Retencao,7808,Carro,0.855,Camera 1,C:\Users\Joice\frontend cognimove\CogniMove\backend\outputs\evidencias\screenshots\INVASAO_FAIXA_20260911_194253_ID7808.jpg,C:\Users\Joice\frontend cognimove\CogniMove\backend\outputs\evidencias\clips\INVASAO_FAIXA_20260911_194253_ID7808.mp4,Pintura desgastada / ausente,0.35,,"{""Pintura desgastada / ausente"": 0.35, ""Sinalização pouco visível"": 0.25, ""Ausência de segregador físico"": 0.2, ""Conduta do condutor"": 0.2}"
2026-09-11T19:42:58.091128,6547,INVASAO_FAIXA,Cruzou Linha de Retencao,7819,Carro,0.811,Camera 1,C:\Users\Joice\frontend cognimove\CogniMove\backend\outputs\evidencias\screenshots\INVASAO_FAIXA_20260911_194258_ID7819.jpg,C:\Users\Joice\frontend cognimove\CogniMove\backend\outputs\evidencias\clips\INVASAO_FAIXA_20260911_194258_ID7819.mp4,Pintura desgastada / ausente,0.35,,"{""Pintura desgastada / ausente"": 0.35, ""Sinalização pouco visível"": 0.25, ""Ausência de segregador físico"": 0.2, ""Conduta do condutor"": 0.2}"
2026-09-11T19:44:20.787498,6736,INVASAO_FAIXA,Cruzou Linha de Retencao,7998,Carro,0.547,Camera 1,C:\Users\Joice\frontend cognimove\CogniMove\backend\outputs\evidencias\screenshots\INVASAO_FAIXA_20260911_194420_ID7998.jpg,C:\Users\Joice\frontend cognimove\CogniMove\backend\outputs\evidencias\clips\INVASAO_FAIXA_20260911_194420_ID7998.mp4,Pintura desgastada / ausente,0.35,,"{""Pintura desgastada / ausente"": 0.35, ""Sinalização pouco visível"": 0.25, ""Ausência de segregador físico"": 0.2, ""Conduta do condutor"": 0.2}"
2026-09-11T19:44:25.654269,6745,INVASAO_FAIXA,Cruzou Linha de Retencao,8002,Carro,0.58,Camera 1,C:\Users\Joice\frontend cognimove\CogniMove\backend\outputs\evidencias\screenshots\INVASAO_FAIXA_20260911_194425_ID8002.jpg,C:\Users\Joice\frontend cognimove\CogniMove\backend\outputs\evidencias\clips\INVASAO_FAIXA_20260911_194425_ID8002.mp4,Pintura desgastada / ausente,0.35,,"{""Pintura desgastada / ausente"": 0.35, ""Sinalização pouco visível"": 0.25, ""Ausência de segregador físico"": 0.2, ""Conduta do condutor"": 0.2}"
2026-09-11T19:44:32.508942,6758,INVASAO_FAIXA,Cruzou Linha de Retencao,8014,Caminhao,0.575,Camera 1,C:\Users\Joice\frontend cognimove\CogniMove\backend\outputs\evidencias\screenshots\INVASAO_FAIXA_20260911_194432_ID8014.jpg,C:\Users\Joice\frontend cognimove\CogniMove\backend\outputs\evidencias\clips\INVASAO_FAIXA_20260911_194432_ID8014.mp4,Pintura desgastada / ausente,0.35,,"{""Pintura desgastada / ausente"": 0.35, ""Sinalização pouco visível"": 0.25, ""Ausência de segregador físico"": 0.2, ""Conduta do condutor"": 0.2}"
2026-09-11T19:44:34.528025,6762,INVASAO_FAIXA,Cruzou Linha de Retencao,8025,Carro,0.523,Camera 1,C:\Users\Joice\frontend cognimove\CogniMove\backend\outputs\evidencias\screenshots\INVASAO_FAIXA_20260911_194434_ID8025.jpg,C:\Users\Joice\frontend cognimove\CogniMove\backend\outputs\evidencias\clips\INVASAO_FAIXA_20260911_194434_ID8025.mp4,Pintura desgastada / ausente,0.35,,"{""Pintura desgastada / ausente"": 0.35, ""Sinalização pouco visível"": 0.25, ""Ausência de segregador físico"": 0.2, ""Conduta do condutor"": 0.2}"
2026-09-11T19:44:38.352619,6768,INVASAO_FAIXA,Cruzou Linha de Retencao,8031,Caminhao,0.669,Camera 1,C:\Users\Joice\frontend cognimove\CogniMove\backend\outputs\evidencias\screenshots\INVASAO_FAIXA_20260911_194438_ID8031.jpg,C:\Users\Joice\frontend cognimove\CogniMove\backend\outputs\evidencias\clips\INVASAO_FAIXA_20260911_194438_ID8031.mp4,Pintura desgastada / ausente,0.35,,"{""Pintura desgastada / ausente"": 0.35, ""Sinalização pouco visível"": 0.25, ""Ausência de segregador físico"": 0.2, ""Conduta do condutor"": 0.2}"
2026-09-11T19:44:45.690745,6781,INVASAO_FAIXA,Cruzou Linha de Retencao,8039,Carro,0.809,Camera 1,C:\Users\Joice\frontend cognimove\CogniMove\backend\outputs\evidencias\screenshots\INVASAO_FAIXA_20260911_194445_ID8039.jpg,C:\Users\Joice\frontend cognimove\CogniMove\backend\outputs\evidencias\clips\INVASAO_FAIXA_20260911_194445_ID8039.mp4,Pintura desgastada / ausente,0.35,,"{""Pintura desgastada / ausente"": 0.35, ""Sinalização pouco visível"": 0.25, ""Ausência de segregador físico"": 0.2, ""Conduta do condutor"": 0.2}"
2026-09-11T19:44:48.197086,6785,INVASAO_FAIXA,Cruzou Linha de Retencao,8041,Carro,0.519,Camera 1,C:\Users\Joice\frontend cognimove\CogniMove\backend\outputs\evidencias\screenshots\INVASAO_FAIXA_20260911_194448_ID8041.jpg,C:\Users\Joice\frontend cognimove\CogniMove\backend\outputs\evidencias\clips\INVASAO_FAIXA_20260911_194448_ID8041.mp4,Pintura desgastada / ausente,0.35,,"{""Pintura desgastada / ausente"": 0.35, ""Sinalização pouco visível"": 0.25, ""Ausência de segregador físico"": 0.2, ""Conduta do condutor"": 0.2}"
2026-09-11T19:45:00.689647,6805,INVASAO_FAIXA,Cruzou Linha de Retencao,8060,Carro,0.886,Camera 1,C:\Users\Joice\frontend cognimove\CogniMove\backend\outputs\evidencias\screenshots\INVASAO_FAIXA_20260911_194500_ID8060.jpg,C:\Users\Joice\frontend cognimove\CogniMove\backend\outputs\evidencias\clips\INVASAO_FAIXA_20260911_194500_ID8060.mp4,Pintura desgastada / ausente,0.35,,"{""Pintura desgastada / ausente"": 0.35, ""Sinalização pouco visível"": 0.25, ""Ausência de segregador físico"": 0.2, ""Conduta do condutor"": 0.2}"
2026-09-11T19:45:01.362191,6806,INVASAO_FAIXA,Cruzou Linha de Retencao,8067,Carro,0.521,Camera 1,C:\Users\Joice\frontend cognimove\CogniMove\backend\outputs\evidencias\screenshots\INVASAO_FAIXA_20260911_194501_ID8067.jpg,C:\Users\Joice\frontend cognimove\CogniMove\backend\outputs\evidencias\clips\INVASAO_FAIXA_20260911_194501_ID8067.mp4,Pintura desgastada / ausente,0.35,,"{""Pintura desgastada / ausente"": 0.35, ""Sinalização pouco visível"": 0.25, ""Ausência de segregador físico"": 0.2, ""Conduta do condutor"": 0.2}"
2026-09-11T19:45:15.007578,6831,INVASAO_FAIXA,Cruzou Linha de Retencao,8083,Carro,0.246,Camera 1,C:\Users\Joice\frontend cognimove\CogniMove\backend\outputs\evidencias\screenshots\INVASAO_FAIXA_20260911_194515_ID8083.jpg,C:\Users\Joice\frontend cognimove\CogniMove\backend\outputs\evidencias\clips\INVASAO_FAIXA_20260911_194515_ID8083.mp4,Pintura desgastada / ausente,0.35,,"{""Pintura desgastada / ausente"": 0.35, ""Sinalização pouco visível"": 0.25, ""Ausência de segregador físico"": 0.2, ""Conduta do condutor"": 0.2}"
2026-09-11T19:45:29.446759,6854,INVASAO_FAIXA,Cruzou Linha de Retencao,8145,Carro,0.437,Camera 1,C:\Users\Joice\frontend cognimove\CogniMove\backend\outputs\evidencias\screenshots\INVASAO_FAIXA_20260911_194529_ID8145.jpg,C:\Users\Joice\frontend cognimove\CogniMove\backend\outputs\evidencias\clips\INVASAO_FAIXA_20260911_194529_ID8145.mp4,Pintura desgastada / ausente,0.35,,"{""Pintura desgastada / ausente"": 0.35, ""Sinalização pouco visível"": 0.25, ""Ausência de segregador físico"": 0.2, ""Conduta do condutor"": 0.2}"
2026-09-11T19:45:47.148925,6881,INVASAO_FAIXA,Cruzou Linha de Retencao,8166,Carro,0.484,Camera 1,C:\Users\Joice\frontend cognimove\CogniMove\backend\outputs\evidencias\screenshots\INVASAO_FAIXA_20260911_194547_ID8166.jpg,C:\Users\Joice\frontend cognimove\CogniMove\backend\outputs\evidencias\clips\INVASAO_FAIXA_20260911_194547_ID8166.mp4,Pintura desgastada / ausente,0.35,,"{""Pintura desgastada / ausente"": 0.35, ""Sinalização pouco visível"": 0.25, ""Ausência de segregador físico"": 0.2, ""Conduta do condutor"": 0.2}"
2026-09-11T19:47:48.522293,7102,INVASAO_FAIXA,Cruzou Linha de Retencao,8427,Carro,0.817,Camera 1,C:\Users\Joice\frontend cognimove\CogniMove\backend\outputs\evidencias\screenshots\INVASAO_FAIXA_20260911_194748_ID8427.jpg,C:\Users\Joice\frontend cognimove\CogniMove\backend\outputs\evidencias\clips\INVASAO_FAIXA_20260911_194748_ID8427.mp4,Pintura desgastada / ausente,0.35,,"{""Pintura desgastada / ausente"": 0.35, ""Sinalização pouco visível"": 0.25, ""Ausência de segregador físico"": 0.2, ""Conduta do condutor"": 0.2}"
2026-09-11T19:48:31.261412,7176,INVASAO_FAIXA,Cruzou Linha de Retencao,8531,Carro,0.561,Camera 1,C:\Users\Joice\frontend cognimove\CogniMove\backend\outputs\evidencias\screenshots\INVASAO_FAIXA_20260911_194831_ID8531.jpg,C:\Users\Joice\frontend cognimove\CogniMove\backend\outputs\evidencias\clips\INVASAO_FAIXA_20260911_194831_ID8531.mp4,Pintura desgastada / ausente,0.35,,"{""Pintura desgastada / ausente"": 0.35, ""Sinalização pouco visível"": 0.25, ""Ausência de segregador físico"": 0.2, ""Conduta do condutor"": 0.2}"
2026-09-11T19:48:52.565270,7205,INVASAO_FAIXA,Cruzou Linha de Retencao,8564,Caminhao,0.567,Camera 1,C:\Users\Joice\frontend cognimove\CogniMove\backend\outputs\evidencias\screenshots\INVASAO_FAIXA_20260911_194852_ID8564.jpg,C:\Users\Joice\frontend cognimove\CogniMove\backend\outputs\evidencias\clips\INVASAO_FAIXA_20260911_194852_ID8564.mp4,Pintura desgastada / ausente,0.35,,"{""Pintura desgastada / ausente"": 0.35, ""Sinalização pouco visível"": 0.25, ""Ausência de segregador físico"": 0.2, ""Conduta do condutor"": 0.2}"
2026-09-11T19:49:24.314395,7253,INVASAO_FAIXA,Cruzou Linha de Retencao,8646,Carro,0.86,Camera 1,C:\Users\Joice\frontend cognimove\CogniMove\backend\outputs\evidencias\screenshots\INVASAO_FAIXA_20260911_194924_ID8646.jpg,C:\Users\Joice\frontend cognimove\CogniMove\backend\outputs\evidencias\clips\INVASAO_FAIXA_20260911_194924_ID8646.mp4,Pintura desgastada / ausente,0.35,,"{""Pintura desgastada / ausente"": 0.35, ""Sinalização pouco visível"": 0.25, ""Ausência de segregador físico"": 0.2, ""Conduta do condutor"": 0.2}"
2026-09-11T19:49:46.322252,7277,INVASAO_FAIXA,Cruzou Linha de Retencao,8697,Carro,0.872,Camera 1,C:\Users\Joice\frontend cognimove\CogniMove\backend\outputs\evidencias\screenshots\INVASAO_FAIXA_20260911_194946_ID8697.jpg,C:\Users\Joice\frontend cognimove\CogniMove\backend\outputs\evidencias\clips\INVASAO_FAIXA_20260911_194946_ID8697.mp4,Pintura desgastada / ausente,0.35,,"{""Pintura desgastada / ausente"": 0.35, ""Sinalização pouco visível"": 0.25, ""Ausência de segregador físico"": 0.2, ""Conduta do condutor"": 0.2}"
2026-09-11T19:49:51.639703,7283,INVASAO_FAIXA,Cruzou Linha de Retencao,8714,Carro,0.8,Camera 1,C:\Users\Joice\frontend cognimove\CogniMove\backend\outputs\evidencias\screenshots\INVASAO_FAIXA_20260911_194951_ID8714.jpg,C:\Users\Joice\frontend cognimove\CogniMove\backend\outputs\evidencias\clips\INVASAO_FAIXA_20260911_194951_ID8714.mp4,Pintura desgastada / ausente,0.35,,"{""Pintura desgastada / ausente"": 0.35, ""Sinalização pouco visível"": 0.25, ""Ausência de segregador físico"": 0.2, ""Conduta do condutor"": 0.2}"
2026-09-11T19:50:29.134720,7332,INVASAO_FAIXA,Cruzou Linha de Retencao,8761,Carro,0.84,Camera 1,C:\Users\Joice\frontend cognimove\CogniMove\backend\outputs\evidencias\screenshots\INVASAO_FAIXA_20260911_195029_ID8761.jpg,C:\Users\Joice\frontend cognimove\CogniMove\backend\outputs\evidencias\clips\INVASAO_FAIXA_20260911_195029_ID8761.mp4,Pintura desgastada / ausente,0.35,,"{""Pintura desgastada / ausente"": 0.35, ""Sinalização pouco visível"": 0.25, ""Ausência de segregador físico"": 0.2, ""Conduta do condutor"": 0.2}"
2026-09-11T19:52:02.870439,7500,INVASAO_FAIXA,Cruzou Linha de Retencao,9070,Carro,0.646,Camera 1,C:\Users\Joice\frontend cognimove\CogniMove\backend\outputs\evidencias\screenshots\INVASAO_FAIXA_20260911_195202_ID9070.jpg,C:\Users\Joice\frontend cognimove\CogniMove\backend\outputs\evidencias\clips\INVASAO_FAIXA_20260911_195202_ID9070.mp4,Pintura desgastada / ausente,0.35,,"{""Pintura desgastada / ausente"": 0.35, ""Sinalização pouco visível"": 0.25, ""Ausência de segregador físico"": 0.2, ""Conduta do condutor"": 0.2}"
2026-09-11T19:52:07.441549,7507,INVASAO_FAIXA,Cruzou Linha de Retencao,9076,Carro,0.533,Camera 1,C:\Users\Joice\frontend cognimove\CogniMove\backend\outputs\evidencias\screenshots\INVASAO_FAIXA_20260911_195207_ID9076.jpg,C:\Users\Joice\frontend cognimove\CogniMove\backend\outputs\evidencias\clips\INVASAO_FAIXA_20260911_195207_ID9076.mp4,Pintura desgastada / ausente,0.35,,"{""Pintura desgastada / ausente"": 0.35, ""Sinalização pouco visível"": 0.25, ""Ausência de segregador físico"": 0.2, ""Conduta do condutor"": 0.2}"
2026-09-11T19:52:17.165672,7522,INVASAO_FAIXA,Cruzou Linha de Retencao,9098,Carro,0.356,Camera 1,C:\Users\Joice\frontend cognimove\CogniMove\backend\outputs\evidencias\screenshots\INVASAO_FAIXA_20260911_195217_ID9098.jpg,C:\Users\Joice\frontend cognimove\CogniMove\backend\outputs\evidencias\clips\INVASAO_FAIXA_20260911_195217_ID9098.mp4,Pintura desgastada / ausente,0.35,,"{""Pintura desgastada / ausente"": 0.35, ""Sinalização pouco visível"": 0.25, ""Ausência de segregador físico"": 0.2, ""Conduta do condutor"": 0.2}"
2026-09-11T19:52:22.235534,7529,INVASAO_FAIXA,Cruzou Linha de Retencao,9104,Carro,0.536,Camera 1,C:\Users\Joice\frontend cognimove\CogniMove\backend\outputs\evidencias\screenshots\INVASAO_FAIXA_20260911_195222_ID9104.jpg,C:\Users\Joice\frontend cognimove\CogniMove\backend\outputs\evidencias\clips\INVASAO_FAIXA_20260911_195222_ID9104.mp4,Pintura desgastada / ausente,0.35,,"{""Pintura desgastada / ausente"": 0.35, ""Sinalização pouco visível"": 0.25, ""Ausência de segregador físico"": 0.2, ""Conduta do condutor"": 0.2}"
2026-09-11T19:52:26.849482,7534,INVASAO_FAIXA,Cruzou Linha de Retencao,9112,Carro,0.623,Camera 1,C:\Users\Joice\frontend cognimove\CogniMove\backend\outputs\evidencias\screenshots\INVASAO_FAIXA_20260911_195226_ID9112.jpg,C:\Users\Joice\frontend cognimove\CogniMove\backend\outputs\evidencias\clips\INVASAO_FAIXA_20260911_195226_ID9112.mp4,Pintura desgastada / ausente,0.35,,"{""Pintura desgastada / ausente"": 0.35, ""Sinalização pouco visível"": 0.25, ""Ausência de segregador físico"": 0.2, ""Conduta do condutor"": 0.2}"
2026-09-11T19:52:31.238249,7541,INVASAO_FAIXA,Cruzou Linha de Retencao,9117,Carro,0.34,Camera 1,C:\Users\Joice\frontend cognimove\CogniMove\backend\outputs\evidencias\screenshots\INVASAO_FAIXA_20260911_195231_ID9117.jpg,C:\Users\Joice\frontend cognimove\CogniMove\backend\outputs\evidencias\clips\INVASAO_FAIXA_20260911_195231_ID9117.mp4,Pintura desgastada / ausente,0.35,,"{""Pintura desgastada / ausente"": 0.35, ""Sinalização pouco visível"": 0.25, ""Ausência de segregador físico"": 0.2, ""Conduta do condutor"": 0.2}"
2026-09-11T19:52:54.832112,7575,INVASAO_FAIXA,Cruzou Linha de Retencao,9161,Onibus,0.896,Camera 1,C:\Users\Joice\frontend cognimove\CogniMove\backend\outputs\evidencias\screenshots\INVASAO_FAIXA_20260911_195254_ID9161.jpg,C:\Users\Joice\frontend cognimove\CogniMove\backend\outputs\evidencias\clips\INVASAO_FAIXA_20260911_195254_ID9161.mp4,Pintura desgastada / ausente,0.35,,"{""Pintura desgastada / ausente"": 0.35, ""Sinalização pouco visível"": 0.25, ""Ausência de segregador físico"": 0.2, ""Conduta do condutor"": 0.2}"
2026-09-11T19:52:59.237692,7583,INVASAO_FAIXA,Cruzou Linha de Retencao,9185,Carro,0.427,Camera 1,C:\Users\Joice\frontend cognimove\CogniMove\backend\outputs\evidencias\screenshots\INVASAO_FAIXA_20260911_195259_ID9185.jpg,C:\Users\Joice\frontend cognimove\CogniMove\backend\outputs\evidencias\clips\INVASAO_FAIXA_20260911_195259_ID9185.mp4,Pintura desgastada / ausente,0.35,,"{""Pintura desgastada / ausente"": 0.35, ""Sinalização pouco visível"": 0.25, ""Ausência de segregador físico"": 0.2, ""Conduta do condutor"": 0.2}"
2026-09-11T19:53:04.219114,7592,INVASAO_FAIXA,Cruzou Linha de Retencao,9189,Carro,0.734,Camera 1,C:\Users\Joice\frontend cognimove\CogniMove\backend\outputs\evidencias\screenshots\INVASAO_FAIXA_20260911_195304_ID9189.jpg,C:\Users\Joice\frontend cognimove\CogniMove\backend\outputs\evidencias\clips\INVASAO_FAIXA_20260911_195304_ID9189.mp4,Pintura desgastada / ausente,0.35,,"{""Pintura desgastada / ausente"": 0.35, ""Sinalização pouco visível"": 0.25, ""Ausência de segregador físico"": 0.2, ""Conduta do condutor"": 0.2}"
2026-09-11T19:53:04.219114,7592,INVASAO_FAIXA,Cruzou Linha de Retencao,9192,Carro,0.404,Camera 1,C:\Users\Joice\frontend cognimove\CogniMove\backend\outputs\evidencias\screenshots\INVASAO_FAIXA_20260911_195304_ID9192.jpg,C:\Users\Joice\frontend cognimove\CogniMove\backend\outputs\evidencias\clips\INVASAO_FAIXA_20260911_195304_ID9192.mp4,Pintura desgastada / ausente,0.35,,"{""Pintura desgastada / ausente"": 0.35, ""Sinalização pouco visível"": 0.25, ""Ausência de segregador físico"": 0.2, ""Conduta do condutor"": 0.2}"
2026-09-11T19:53:13.741997,7605,INVASAO_FAIXA,Cruzou Linha de Retencao,9193,Caminhao,0.357,Camera 1,C:\Users\Joice\frontend cognimove\CogniMove\backend\outputs\evidencias\screenshots\INVASAO_FAIXA_20260911_195313_ID9193.jpg,C:\Users\Joice\frontend cognimove\CogniMove\backend\outputs\evidencias\clips\INVASAO_FAIXA_20260911_195313_ID9193.mp4,Pintura desgastada / ausente,0.35,,"{""Pintura desgastada / ausente"": 0.35, ""Sinalização pouco visível"": 0.25, ""Ausência de segregador físico"": 0.2, ""Conduta do condutor"": 0.2}"
2026-09-11T19:53:20.476008,7615,INVASAO_FAIXA,Cruzou Linha de Retencao,9225,Caminhao,0.459,Camera 1,C:\Users\Joice\frontend cognimove\CogniMove\backend\outputs\evidencias\screenshots\INVASAO_FAIXA_20260911_195320_ID9225.jpg,C:\Users\Joice\frontend cognimove\CogniMove\backend\outputs\evidencias\clips\INVASAO_FAIXA_20260911_195320_ID9225.mp4,Pintura desgastada / ausente,0.35,,"{""Pintura desgastada / ausente"": 0.35, ""Sinalização pouco visível"": 0.25, ""Ausência de segregador físico"": 0.2, ""Conduta do condutor"": 0.2}"
2026-09-11T19:53:31.292455,7633,INVASAO_FAIXA,Cruzou Linha de Retencao,9267,Carro,0.599,Camera 1,C:\Users\Joice\frontend cognimove\CogniMove\backend\outputs\evidencias\screenshots\INVASAO_FAIXA_20260911_195331_ID9267.jpg,C:\Users\Joice\frontend cognimove\CogniMove\backend\outputs\evidencias\clips\INVASAO_FAIXA_20260911_195331_ID9267.mp4,Pintura desgastada / ausente,0.35,,"{""Pintura desgastada / ausente"": 0.35, ""Sinalização pouco visível"": 0.25, ""Ausência de segregador físico"": 0.2, ""Conduta do condutor"": 0.2}"
2026-09-11T19:55:35.016791,7843,INVASAO_FAIXA,Cruzou Linha de Retencao,9517,Carro,0.798,Camera 1,C:\Users\Joice\frontend cognimove\CogniMove\backend\outputs\evidencias\screenshots\INVASAO_FAIXA_20260911_195535_ID9517.jpg,C:\Users\Joice\frontend cognimove\CogniMove\backend\outputs\evidencias\clips\INVASAO_FAIXA_20260911_195535_ID9517.mp4,Pintura desgastada / ausente,0.35,,"{""Pintura desgastada / ausente"": 0.35, ""Sinalização pouco visível"": 0.25, ""Ausência de segregador físico"": 0.2, ""Conduta do condutor"": 0.2}"
2026-09-11T19:56:17.667247,7909,INVASAO_FAIXA,Cruzou Linha de Retencao,9601,Carro,0.538,Camera 1,C:\Users\Joice\frontend cognimove\CogniMove\backend\outputs\evidencias\screenshots\INVASAO_FAIXA_20260911_195617_ID9601.jpg,C:\Users\Joice\frontend cognimove\CogniMove\backend\outputs\evidencias\clips\INVASAO_FAIXA_20260911_195617_ID9601.mp4,Pintura desgastada / ausente,0.35,,"{""Pintura desgastada / ausente"": 0.35, ""Sinalização pouco visível"": 0.25, ""Ausência de segregador físico"": 0.2, ""Conduta do condutor"": 0.2}"
2026-09-11T19:56:55.523989,7968,INVASAO_FAIXA,Cruzou Linha de Retencao,9662,Carro,0.652,Camera 1,C:\Users\Joice\frontend cognimove\CogniMove\backend\outputs\evidencias\screenshots\INVASAO_FAIXA_20260911_195655_ID9662.jpg,C:\Users\Joice\frontend cognimove\CogniMove\backend\outputs\evidencias\clips\INVASAO_FAIXA_20260911_195655_ID9662.mp4,Pintura desgastada / ausente,0.35,,"{""Pintura desgastada / ausente"": 0.35, ""Sinalização pouco visível"": 0.25, ""Ausência de segregador físico"": 0.2, ""Conduta do condutor"": 0.2}"
2026-09-11T19:59:02.144797,8178,INVASAO_FAIXA,Cruzou Linha de Retencao,9968,Carro,0.538,Camera 1,C:\Users\Joice\frontend cognimove\CogniMove\backend\outputs\evidencias\screenshots\INVASAO_FAIXA_20260911_195902_ID9968.jpg,C:\Users\Joice\frontend cognimove\CogniMove\backend\outputs\evidencias\clips\INVASAO_FAIXA_20260911_195902_ID9968.mp4,Pintura desgastada / ausente,0.35,,"{""Pintura desgastada / ausente"": 0.35, ""Sinalização pouco visível"": 0.25, ""Ausência de segregador físico"": 0.2, ""Conduta do condutor"": 0.2}"
2026-09-11T19:59:07.963460,8186,INVASAO_FAIXA,Cruzou Linha de Retencao,9973,Carro,0.464,Camera 1,C:\Users\Joice\frontend cognimove\CogniMove\backend\outputs\evidencias\screenshots\INVASAO_FAIXA_20260911_195907_ID9973.jpg,C:\Users\Joice\frontend cognimove\CogniMove\backend\outputs\evidencias\clips\INVASAO_FAIXA_20260911_195907_ID9973.mp4,Pintura desgastada / ausente,0.35,,"{""Pintura desgastada / ausente"": 0.35, ""Sinalização pouco visível"": 0.25, ""Ausência de segregador físico"": 0.2, ""Conduta do condutor"": 0.2}"
2026-09-11T19:59:10.409949,8190,INVASAO_FAIXA,Cruzou Linha de Retencao,9980,Carro,0.712,Camera 1,C:\Users\Joice\frontend cognimove\CogniMove\backend\outputs\evidencias\screenshots\INVASAO_FAIXA_20260911_195910_ID9980.jpg,C:\Users\Joice\frontend cognimove\CogniMove\backend\outputs\evidencias\clips\INVASAO_FAIXA_20260911_195910_ID9980.mp4,Pintura desgastada / ausente,0.35,,"{""Pintura desgastada / ausente"": 0.35, ""Sinalização pouco visível"": 0.25, ""Ausência de segregador físico"": 0.2, ""Conduta do condutor"": 0.2}"
2026-09-11T19:59:14.697149,8197,INVASAO_FAIXA,Cruzou Linha de Retencao,9987,Caminhao,0.446,Camera 1,C:\Users\Joice\frontend cognimove\CogniMove\backend\outputs\evidencias\screenshots\INVASAO_FAIXA_20260911_195914_ID9987.jpg,C:\Users\Joice\frontend cognimove\CogniMove\backend\outputs\evidencias\clips\INVASAO_FAIXA_20260911_195914_ID9987.mp4,Pintura desgastada / ausente,0.35,,"{""Pintura desgastada / ausente"": 0.35, ""Sinalização pouco visível"": 0.25, ""Ausência de segregador físico"": 0.2, ""Conduta do condutor"": 0.2}"
2026-09-11T19:59:36.986270,8236,INVASAO_FAIXA,Cruzou Linha de Retencao,10031,Carro,0.353,Camera 1,C:\Users\Joice\frontend cognimove\CogniMove\backend\outputs\evidencias\screenshots\INVASAO_FAIXA_20260911_195936_ID10031.jpg,C:\Users\Joice\frontend cognimove\CogniMove\backend\outputs\evidencias\clips\INVASAO_FAIXA_20260911_195936_ID10031.mp4,Pintura desgastada / ausente,0.35,,"{""Pintura desgastada / ausente"": 0.35, ""Sinalização pouco visível"": 0.25, ""Ausência de segregador físico"": 0.2, ""Conduta do condutor"": 0.2}"
2026-09-11T19:59:42.994478,8249,INVASAO_FAIXA,Cruzou Linha de Retencao,10053,Carro,0.658,Camera 1,C:\Users\Joice\frontend cognimove\CogniMove\backend\outputs\evidencias\screenshots\INVASAO_FAIXA_20260911_195942_ID10053.jpg,C:\Users\Joice\frontend cognimove\CogniMove\backend\outputs\evidencias\clips\INVASAO_FAIXA_20260911_195942_ID10053.mp4,Pintura desgastada / ausente,0.35,,"{""Pintura desgastada / ausente"": 0.35, ""Sinalização pouco visível"": 0.25, ""Ausência de segregador físico"": 0.2, ""Conduta do condutor"": 0.2}"
2026-09-11T20:02:10.328335,8508,INVASAO_FAIXA,Cruzou Linha de Retencao,10212,Carro,0.805,Camera 1,C:\Users\Joice\frontend cognimove\CogniMove\backend\outputs\evidencias\screenshots\INVASAO_FAIXA_20260911_200210_ID10212.jpg,C:\Users\Joice\frontend cognimove\CogniMove\backend\outputs\evidencias\clips\INVASAO_FAIXA_20260911_200210_ID10212.mp4,Pintura desgastada / ausente,0.35,,"{""Pintura desgastada / ausente"": 0.35, ""Sinalização pouco visível"": 0.25, ""Ausência de segregador físico"": 0.2, ""Conduta do condutor"": 0.2}"
2026-09-11T20:04:02.732058,8700,INVASAO_FAIXA,Cruzou Linha de Retencao,10460,Carro,0.864,Camera 1,C:\Users\Joice\frontend cognimove\CogniMove\backend\outputs\evidencias\screenshots\INVASAO_FAIXA_20260911_200402_ID10460.jpg,C:\Users\Joice\frontend cognimove\CogniMove\backend\outputs\evidencias\clips\INVASAO_FAIXA_20260911_200402_ID10460.mp4,Pintura desgastada / ausente,0.35,,"{""Pintura desgastada / ausente"": 0.35, ""Sinalização pouco visível"": 0.25, ""Ausência de segregador físico"": 0.2, ""Conduta do condutor"": 0.2}"
2026-09-11T20:04:14.057201,8722,INVASAO_FAIXA,Cruzou Linha de Retencao,10542,Carro,0.665,Camera 1,C:\Users\Joice\frontend cognimove\CogniMove\backend\outputs\evidencias\screenshots\INVASAO_FAIXA_20260911_200414_ID10542.jpg,C:\Users\Joice\frontend cognimove\CogniMove\backend\outputs\evidencias\clips\INVASAO_FAIXA_20260911_200414_ID10542.mp4,Pintura desgastada / ausente,0.35,,"{""Pintura desgastada / ausente"": 0.35, ""Sinalização pouco visível"": 0.25, ""Ausência de segregador físico"": 0.2, ""Conduta do condutor"": 0.2}"
2026-09-11T20:04:41.024611,8766,INVASAO_FAIXA,Cruzou Linha de Retencao,10576,Carro,0.822,Camera 1,C:\Users\Joice\frontend cognimove\CogniMove\backend\outputs\evidencias\screenshots\INVASAO_FAIXA_20260911_200441_ID10576.jpg,C:\Users\Joice\frontend cognimove\CogniMove\backend\outputs\evidencias\clips\INVASAO_FAIXA_20260911_200441_ID10576.mp4,Pintura desgastada / ausente,0.35,,"{""Pintura desgastada / ausente"": 0.35, ""Sinalização pouco visível"": 0.25, ""Ausência de segregador físico"": 0.2, ""Conduta do condutor"": 0.2}"
2026-09-11T20:06:22.700071,8924,INVASAO_FAIXA,Cruzou Linha de Retencao,10759,Carro,0.523,Camera 1,C:\Users\Joice\frontend cognimove\CogniMove\backend\outputs\evidencias\screenshots\INVASAO_FAIXA_20260911_200622_ID10759.jpg,C:\Users\Joice\frontend cognimove\CogniMove\backend\outputs\evidencias\clips\INVASAO_FAIXA_20260911_200622_ID10759.mp4,Pintura desgastada / ausente,0.35,,"{""Pintura desgastada / ausente"": 0.35, ""Sinalização pouco visível"": 0.25, ""Ausência de segregador físico"": 0.2, ""Conduta do condutor"": 0.2}"
2026-09-11T20:06:41.496597,8953,INVASAO_FAIXA,Cruzou Linha de Retencao,10789,Carro,0.656,Camera 1,C:\Users\Joice\frontend cognimove\CogniMove\backend\outputs\evidencias\screenshots\INVASAO_FAIXA_20260911_200641_ID10789.jpg,C:\Users\Joice\frontend cognimove\CogniMove\backend\outputs\evidencias\clips\INVASAO_FAIXA_20260911_200641_ID10789.mp4,Pintura desgastada / ausente,0.35,,"{""Pintura desgastada / ausente"": 0.35, ""Sinalização pouco visível"": 0.25, ""Ausência de segregador físico"": 0.2, ""Conduta do condutor"": 0.2}"
2026-09-11T20:06:49.203444,8962,INVASAO_FAIXA,Cruzou Linha de Retencao,10800,Carro,0.661,Camera 1,C:\Users\Joice\frontend cognimove\CogniMove\backend\outputs\evidencias\screenshots\INVASAO_FAIXA_20260911_200649_ID10800.jpg,C:\Users\Joice\frontend cognimove\CogniMove\backend\outputs\evidencias\clips\INVASAO_FAIXA_20260911_200649_ID10800.mp4,Pintura desgastada / ausente,0.35,,"{""Pintura desgastada / ausente"": 0.35, ""Sinalização pouco visível"": 0.25, ""Ausência de segregador físico"": 0.2, ""Conduta do condutor"": 0.2}"
2026-09-11T20:06:52.335088,8966,INVASAO_FAIXA,Cruzou Linha de Retencao,10804,Caminhao,0.493,Camera 1,C:\Users\Joice\frontend cognimove\CogniMove\backend\outputs\evidencias\screenshots\INVASAO_FAIXA_20260911_200652_ID10804.jpg,C:\Users\Joice\frontend cognimove\CogniMove\backend\outputs\evidencias\clips\INVASAO_FAIXA_20260911_200652_ID10804.mp4,Pintura desgastada / ausente,0.35,,"{""Pintura desgastada / ausente"": 0.35, ""Sinalização pouco visível"": 0.25, ""Ausência de segregador físico"": 0.2, ""Conduta do condutor"": 0.2}"
2026-09-11T20:07:02.764647,8985,INVASAO_FAIXA,Cruzou Linha de Retencao,10828,Carro,0.693,Camera 1,C:\Users\Joice\frontend cognimove\CogniMove\backend\outputs\evidencias\screenshots\INVASAO_FAIXA_20260911_200702_ID10828.jpg,C:\Users\Joice\frontend cognimove\CogniMove\backend\outputs\evidencias\clips\INVASAO_FAIXA_20260911_200702_ID10828.mp4,Pintura desgastada / ausente,0.35,,"{""Pintura desgastada / ausente"": 0.35, ""Sinalização pouco visível"": 0.25, ""Ausência de segregador físico"": 0.2, ""Conduta do condutor"": 0.2}"
2026-09-11T20:07:07.507803,8992,INVASAO_FAIXA,Cruzou Linha de Retencao,10802,Carro,0.673,Camera 1,C:\Users\Joice\frontend cognimove\CogniMove\backend\outputs\evidencias\screenshots\INVASAO_FAIXA_20260911_200707_ID10802.jpg,C:\Users\Joice\frontend cognimove\CogniMove\backend\outputs\evidencias\clips\INVASAO_FAIXA_20260911_200707_ID10802.mp4,Pintura desgastada / ausente,0.35,,"{""Pintura desgastada / ausente"": 0.35, ""Sinalização pouco visível"": 0.25, ""Ausência de segregador físico"": 0.2, ""Conduta do condutor"": 0.2}"
2026-09-11T20:07:09.779454,8996,INVASAO_FAIXA,Cruzou Linha de Retencao,10842,Carro,0.669,Camera 1,C:\Users\Joice\frontend cognimove\CogniMove\backend\outputs\evidencias\screenshots\INVASAO_FAIXA_20260911_200709_ID10842.jpg,C:\Users\Joice\frontend cognimove\CogniMove\backend\outputs\evidencias\clips\INVASAO_FAIXA_20260911_200709_ID10842.mp4,Pintura desgastada / ausente,0.35,,"{""Pintura desgastada / ausente"": 0.35, ""Sinalização pouco visível"": 0.25, ""Ausência de segregador físico"": 0.2, ""Conduta do condutor"": 0.2}"
2026-09-11T20:07:16.106681,9008,INVASAO_FAIXA,Cruzou Linha de Retencao,10852,Carro,0.521,Camera 1,C:\Users\Joice\frontend cognimove\CogniMove\backend\outputs\evidencias\screenshots\INVASAO_FAIXA_20260911_200716_ID10852.jpg,C:\Users\Joice\frontend cognimove\CogniMove\backend\outputs\evidencias\clips\INVASAO_FAIXA_20260911_200716_ID10852.mp4,Pintura desgastada / ausente,0.35,,"{""Pintura desgastada / ausente"": 0.35, ""Sinalização pouco visível"": 0.25, ""Ausência de segregador físico"": 0.2, ""Conduta do condutor"": 0.2}"
2026-09-11T20:07:36.363877,9043,INVASAO_FAIXA,Cruzou Linha de Retencao,10885,Carro,0.637,Camera 1,C:\Users\Joice\frontend cognimove\CogniMove\backend\outputs\evidencias\screenshots\INVASAO_FAIXA_20260911_200736_ID10885.jpg,C:\Users\Joice\frontend cognimove\CogniMove\backend\outputs\evidencias\clips\INVASAO_FAIXA_20260911_200736_ID10885.mp4,Pintura desgastada / ausente,0.35,,"{""Pintura desgastada / ausente"": 0.35, ""Sinalização pouco visível"": 0.25, ""Ausência de segregador físico"": 0.2, ""Conduta do condutor"": 0.2}"
2026-09-11T20:07:59.455919,9081,INVASAO_FAIXA,Cruzou Linha de Retencao,10908,Caminhao,0.519,Camera 1,C:\Users\Joice\frontend cognimove\CogniMove\backend\outputs\evidencias\screenshots\INVASAO_FAIXA_20260911_200759_ID10908.jpg,C:\Users\Joice\frontend cognimove\CogniMove\backend\outputs\evidencias\clips\INVASAO_FAIXA_20260911_200759_ID10908.mp4,Pintura desgastada / ausente,0.35,,"{""Pintura desgastada / ausente"": 0.35, ""Sinalização pouco visível"": 0.25, ""Ausência de segregador físico"": 0.2, ""Conduta do condutor"": 0.2}"
2026-09-11T20:08:07.516148,9091,INVASAO_FAIXA,Cruzou Linha de Retencao,10922,Carro,0.378,Camera 1,C:\Users\Joice\frontend cognimove\CogniMove\backend\outputs\evidencias\screenshots\INVASAO_FAIXA_20260911_200807_ID10922.jpg,C:\Users\Joice\frontend cognimove\CogniMove\backend\outputs\evidencias\clips\INVASAO_FAIXA_20260911_200807_ID10922.mp4,Pintura desgastada / ausente,0.35,,"{""Pintura desgastada / ausente"": 0.35, ""Sinalização pouco visível"": 0.25, ""Ausência de segregador físico"": 0.2, ""Conduta do condutor"": 0.2}"
2026-09-11T20:08:16.143467,9106,INVASAO_FAIXA,Cruzou Linha de Retencao,10913,Carro,0.895,Camera 1,C:\Users\Joice\frontend cognimove\CogniMove\backend\outputs\evidencias\screenshots\INVASAO_FAIXA_20260911_200816_ID10913.jpg,C:\Users\Joice\frontend cognimove\CogniMove\backend\outputs\evidencias\clips\INVASAO_FAIXA_20260911_200816_ID10913.mp4,Pintura desgastada / ausente,0.35,,"{""Pintura desgastada / ausente"": 0.35, ""Sinalização pouco visível"": 0.25, ""Ausência de segregador físico"": 0.2, ""Conduta do condutor"": 0.2}"
2026-09-11T20:08:25.544821,9121,INVASAO_FAIXA,Cruzou Linha de Retencao,10962,Caminhao,0.493,Camera 1,C:\Users\Joice\frontend cognimove\CogniMove\backend\outputs\evidencias\screenshots\INVASAO_FAIXA_20260911_200825_ID10962.jpg,C:\Users\Joice\frontend cognimove\CogniMove\backend\outputs\evidencias\clips\INVASAO_FAIXA_20260911_200825_ID10962.mp4,Pintura desgastada / ausente,0.35,,"{""Pintura desgastada / ausente"": 0.35, ""Sinalização pouco visível"": 0.25, ""Ausência de segregador físico"": 0.2, ""Conduta do condutor"": 0.2}"
2026-09-11T20:08:57.920447,9181,INVASAO_FAIXA,Cruzou Linha de Retencao,11014,Carro,0.711,Camera 1,C:\Users\Joice\frontend cognimove\CogniMove\backend\outputs\evidencias\screenshots\INVASAO_FAIXA_20260911_200857_ID11014.jpg,C:\Users\Joice\frontend cognimove\CogniMove\backend\outputs\evidencias\clips\INVASAO_FAIXA_20260911_200857_ID11014.mp4,Pintura desgastada / ausente,0.35,,"{""Pintura desgastada / ausente"": 0.35, ""Sinalização pouco visível"": 0.25, ""Ausência de segregador físico"": 0.2, ""Conduta do condutor"": 0.2}"
2026-09-11T20:09:03.199871,9190,INVASAO_FAIXA,Cruzou Linha de Retencao,11024,Carro,0.508,Camera 1,C:\Users\Joice\frontend cognimove\CogniMove\backend\outputs\evidencias\screenshots\INVASAO_FAIXA_20260911_200903_ID11024.jpg,C:\Users\Joice\frontend cognimove\CogniMove\backend\outputs\evidencias\clips\INVASAO_FAIXA_20260911_200903_ID11024.mp4,Pintura desgastada / ausente,0.35,,"{""Pintura desgastada / ausente"": 0.35, ""Sinalização pouco visível"": 0.25, ""Ausência de segregador físico"": 0.2, ""Conduta do condutor"": 0.2}"
2026-09-11T20:09:09.665061,9202,INVASAO_FAIXA,Cruzou Linha de Retencao,11027,Carro,0.696,Camera 1,C:\Users\Joice\frontend cognimove\CogniMove\backend\outputs\evidencias\screenshots\INVASAO_FAIXA_20260911_200909_ID11027.jpg,C:\Users\Joice\frontend cognimove\CogniMove\backend\outputs\evidencias\clips\INVASAO_FAIXA_20260911_200909_ID11027.mp4,Pintura desgastada / ausente,0.35,,"{""Pintura desgastada / ausente"": 0.35, ""Sinalização pouco visível"": 0.25, ""Ausência de segregador físico"": 0.2, ""Conduta do condutor"": 0.2}"
2026-09-11T20:09:38.644648,9236,INVASAO_FAIXA,Cruzou Linha de Retencao,11091,Carro,0.709,Camera 1,C:\Users\Joice\frontend cognimove\CogniMove\backend\outputs\evidencias\screenshots\INVASAO_FAIXA_20260911_200938_ID11091.jpg,C:\Users\Joice\frontend cognimove\CogniMove\backend\outputs\evidencias\clips\INVASAO_FAIXA_20260911_200938_ID11091.mp4,Pintura desgastada / ausente,0.35,,"{""Pintura desgastada / ausente"": 0.35, ""Sinalização pouco visível"": 0.25, ""Ausência de segregador físico"": 0.2, ""Conduta do condutor"": 0.2}"
2026-09-11T20:09:51.359449,9256,INVASAO_FAIXA,Cruzou Linha de Retencao,11091,Carro,0.579,Camera 1,C:\Users\Joice\frontend cognimove\CogniMove\backend\outputs\evidencias\screenshots\INVASAO_FAIXA_20260911_200951_ID11091.jpg,C:\Users\Joice\frontend cognimove\CogniMove\backend\outputs\evidencias\clips\INVASAO_FAIXA_20260911_200951_ID11091.mp4,Pintura desgastada / ausente,0.35,,"{""Pintura desgastada / ausente"": 0.35, ""Sinalização pouco visível"": 0.25, ""Ausência de segregador físico"": 0.2, ""Conduta do condutor"": 0.2}"
2026-09-11T20:10:26.164365,9318,INVASAO_FAIXA,Cruzou Linha de Retencao,11147,Carro,0.48,Camera 1,C:\Users\Joice\frontend cognimove\CogniMove\backend\outputs\evidencias\screenshots\INVASAO_FAIXA_20260911_201026_ID11147.jpg,C:\Users\Joice\frontend cognimove\CogniMove\backend\outputs\evidencias\clips\INVASAO_FAIXA_20260911_201026_ID11147.mp4,Pintura desgastada / ausente,0.35,,"{""Pintura desgastada / ausente"": 0.35, ""Sinalização pouco visível"": 0.25, ""Ausência de segregador físico"": 0.2, ""Conduta do condutor"": 0.2}"
2026-09-11T20:10:34.338752,9332,INVASAO_FAIXA,Cruzou Linha de Retencao,11166,Carro,0.861,Camera 1,C:\Users\Joice\frontend cognimove\CogniMove\backend\outputs\evidencias\screenshots\INVASAO_FAIXA_20260911_201034_ID11166.jpg,C:\Users\Joice\frontend cognimove\CogniMove\backend\outputs\evidencias\clips\INVASAO_FAIXA_20260911_201034_ID11166.mp4,Pintura desgastada / ausente,0.35,,"{""Pintura desgastada / ausente"": 0.35, ""Sinalização pouco visível"": 0.25, ""Ausência de segregador físico"": 0.2, ""Conduta do condutor"": 0.2}"
2026-09-11T20:10:39.131977,9340,INVASAO_FAIXA,Cruzou Linha de Retencao,11197,Carro,0.705,Camera 1,C:\Users\Joice\frontend cognimove\CogniMove\backend\outputs\evidencias\screenshots\INVASAO_FAIXA_20260911_201039_ID11197.jpg,C:\Users\Joice\frontend cognimove\CogniMove\backend\outputs\evidencias\clips\INVASAO_FAIXA_20260911_201039_ID11197.mp4,Pintura desgastada / ausente,0.35,,"{""Pintura desgastada / ausente"": 0.35, ""Sinalização pouco visível"": 0.25, ""Ausência de segregador físico"": 0.2, ""Conduta do condutor"": 0.2}"
2026-09-11T20:10:54.965814,9362,INVASAO_FAIXA,Cruzou Linha de Retencao,11214,Carro,0.797,Camera 1,C:\Users\Joice\frontend cognimove\CogniMove\backend\outputs\evidencias\screenshots\INVASAO_FAIXA_20260911_201054_ID11214.jpg,C:\Users\Joice\frontend cognimove\CogniMove\backend\outputs\evidencias\clips\INVASAO_FAIXA_20260911_201054_ID11214.mp4,Pintura desgastada / ausente,0.35,,"{""Pintura desgastada / ausente"": 0.35, ""Sinalização pouco visível"": 0.25, ""Ausência de segregador físico"": 0.2, ""Conduta do condutor"": 0.2}"
2026-09-11T20:11:20.080615,9403,INVASAO_FAIXA,Cruzou Linha de Retencao,11286,Carro,0.853,Camera 1,C:\Users\Joice\frontend cognimove\CogniMove\backend\outputs\evidencias\screenshots\INVASAO_FAIXA_20260911_201120_ID11286.jpg,C:\Users\Joice\frontend cognimove\CogniMove\backend\outputs\evidencias\clips\INVASAO_FAIXA_20260911_201120_ID11286.mp4,Pintura desgastada / ausente,0.35,,"{""Pintura desgastada / ausente"": 0.35, ""Sinalização pouco visível"": 0.25, ""Ausência de segregador físico"": 0.2, ""Conduta do condutor"": 0.2}"
2026-09-11T20:12:12.826155,9483,INVASAO_FAIXA,Cruzou Linha de Retencao,11401,Carro,0.571,Camera 1,C:\Users\Joice\frontend cognimove\CogniMove\backend\outputs\evidencias\screenshots\INVASAO_FAIXA_20260911_201212_ID11401.jpg,C:\Users\Joice\frontend cognimove\CogniMove\backend\outputs\evidencias\clips\INVASAO_FAIXA_20260911_201212_ID11401.mp4,Pintura desgastada / ausente,0.35,,"{""Pintura desgastada / ausente"": 0.35, ""Sinalização pouco visível"": 0.25, ""Ausência de segregador físico"": 0.2, ""Conduta do condutor"": 0.2}"
2026-09-11T20:14:09.696856,9654,INVASAO_FAIXA,Cruzou Linha de Retencao,11598,Carro,0.714,Camera 1,C:\Users\Joice\frontend cognimove\CogniMove\backend\outputs\evidencias\screenshots\INVASAO_FAIXA_20260911_201409_ID11598.jpg,C:\Users\Joice\frontend cognimove\CogniMove\backend\outputs\evidencias\clips\INVASAO_FAIXA_20260911_201409_ID11598.mp4,Pintura desgastada / ausente,0.35,,"{""Pintura desgastada / ausente"": 0.35, ""Sinalização pouco visível"": 0.25, ""Ausência de segregador físico"": 0.2, ""Conduta do condutor"": 0.2}"
2026-09-11T20:14:16.457071,9665,INVASAO_FAIXA,Cruzou Linha de Retencao,11608,Carro,0.607,Camera 1,C:\Users\Joice\frontend cognimove\CogniMove\backend\outputs\evidencias\screenshots\INVASAO_FAIXA_20260911_201416_ID11608.jpg,C:\Users\Joice\frontend cognimove\CogniMove\backend\outputs\evidencias\clips\INVASAO_FAIXA_20260911_201416_ID11608.mp4,Pintura desgastada / ausente,0.35,,"{""Pintura desgastada / ausente"": 0.35, ""Sinalização pouco visível"": 0.25, ""Ausência de segregador físico"": 0.2, ""Conduta do condutor"": 0.2}"
2026-09-11T20:14:19.808101,9670,INVASAO_FAIXA,Cruzou Linha de Retencao,11613,Carro,0.682,Camera 1,C:\Users\Joice\frontend cognimove\CogniMove\backend\outputs\evidencias\screenshots\INVASAO_FAIXA_20260911_201419_ID11613.jpg,C:\Users\Joice\frontend cognimove\CogniMove\backend\outputs\evidencias\clips\INVASAO_FAIXA_20260911_201419_ID11613.mp4,Pintura desgastada / ausente,0.35,,"{""Pintura desgastada / ausente"": 0.35, ""Sinalização pouco visível"": 0.25, ""Ausência de segregador físico"": 0.2, ""Conduta do condutor"": 0.2}"
2026-09-11T20:14:24.800294,9678,INVASAO_FAIXA,Cruzou Linha de Retencao,11622,Carro,0.792,Camera 1,C:\Users\Joice\frontend cognimove\CogniMove\backend\outputs\evidencias\screenshots\INVASAO_FAIXA_20260911_201424_ID11622.jpg,C:\Users\Joice\frontend cognimove\CogniMove\backend\outputs\evidencias\clips\INVASAO_FAIXA_20260911_201424_ID11622.mp4,Pintura desgastada / ausente,0.35,,"{""Pintura desgastada / ausente"": 0.35, ""Sinalização pouco visível"": 0.25, ""Ausência de segregador físico"": 0.2, ""Conduta do condutor"": 0.2}"
2026-09-11T20:14:38.209039,9698,INVASAO_FAIXA,Cruzou Linha de Retencao,11652,Carro,0.624,Camera 1,C:\Users\Joice\frontend cognimove\CogniMove\backend\outputs\evidencias\screenshots\INVASAO_FAIXA_20260911_201438_ID11652.jpg,C:\Users\Joice\frontend cognimove\CogniMove\backend\outputs\evidencias\clips\INVASAO_FAIXA_20260911_201438_ID11652.mp4,Pintura desgastada / ausente,0.35,,"{""Pintura desgastada / ausente"": 0.35, ""Sinalização pouco visível"": 0.25, ""Ausência de segregador físico"": 0.2, ""Conduta do condutor"": 0.2}"
2026-09-11T20:14:43.960909,9706,INVASAO_FAIXA,Cruzou Linha de Retencao,11666,Carro,0.51,Camera 1,C:\Users\Joice\frontend cognimove\CogniMove\backend\outputs\evidencias\screenshots\INVASAO_FAIXA_20260911_201443_ID11666.jpg,C:\Users\Joice\frontend cognimove\CogniMove\backend\outputs\evidencias\clips\INVASAO_FAIXA_20260911_201443_ID11666.mp4,Pintura desgastada / ausente,0.35,,"{""Pintura desgastada / ausente"": 0.35, ""Sinalização pouco visível"": 0.25, ""Ausência de segregador físico"": 0.2, ""Conduta do condutor"": 0.2}"
2026-09-11T20:14:49.939485,9716,INVASAO_FAIXA,Cruzou Linha de Retencao,11676,Carro,0.774,Camera 1,C:\Users\Joice\frontend cognimove\CogniMove\backend\outputs\evidencias\screenshots\INVASAO_FAIXA_20260911_201449_ID11676.jpg,C:\Users\Joice\frontend cognimove\CogniMove\backend\outputs\evidencias\clips\INVASAO_FAIXA_20260911_201449_ID11676.mp4,Pintura desgastada / ausente,0.35,,"{""Pintura desgastada / ausente"": 0.35, ""Sinalização pouco visível"": 0.25, ""Ausência de segregador físico"": 0.2, ""Conduta do condutor"": 0.2}"
2026-09-11T20:14:57.913892,9728,INVASAO_FAIXA,Cruzou Linha de Retencao,11707,Carro,0.449,Camera 1,C:\Users\Joice\frontend cognimove\CogniMove\backend\outputs\evidencias\screenshots\INVASAO_FAIXA_20260911_201457_ID11707.jpg,C:\Users\Joice\frontend cognimove\CogniMove\backend\outputs\evidencias\clips\INVASAO_FAIXA_20260911_201457_ID11707.mp4,Pintura desgastada / ausente,0.35,,"{""Pintura desgastada / ausente"": 0.35, ""Sinalização pouco visível"": 0.25, ""Ausência de segregador físico"": 0.2, ""Conduta do condutor"": 0.2}"
2026-09-11T20:15:02.439543,9734,INVASAO_FAIXA,Cruzou Linha de Retencao,11708,Carro,0.501,Camera 1,C:\Users\Joice\frontend cognimove\CogniMove\backend\outputs\evidencias\screenshots\INVASAO_FAIXA_20260911_201502_ID11708.jpg,C:\Users\Joice\frontend cognimove\CogniMove\backend\outputs\evidencias\clips\INVASAO_FAIXA_20260911_201502_ID11708.mp4,Pintura desgastada / ausente,0.35,,"{""Pintura desgastada / ausente"": 0.35, ""Sinalização pouco visível"": 0.25, ""Ausência de segregador físico"": 0.2, ""Conduta do condutor"": 0.2}"
2026-09-11T20:15:09.631053,9743,INVASAO_FAIXA,Cruzou Linha de Retencao,11723,Carro,0.606,Camera 1,C:\Users\Joice\frontend cognimove\CogniMove\backend\outputs\evidencias\screenshots\INVASAO_FAIXA_20260911_201509_ID11723.jpg,C:\Users\Joice\frontend cognimove\CogniMove\backend\outputs\evidencias\clips\INVASAO_FAIXA_20260911_201509_ID11723.mp4,Pintura desgastada / ausente,0.35,,"{""Pintura desgastada / ausente"": 0.35, ""Sinalização pouco visível"": 0.25, ""Ausência de segregador físico"": 0.2, ""Conduta do condutor"": 0.2}"
2026-09-11T20:15:39.053517,9777,INVASAO_FAIXA,Cruzou Linha de Retencao,11764,Carro,0.444,Camera 1,C:\Users\Joice\frontend cognimove\CogniMove\backend\outputs\evidencias\screenshots\INVASAO_FAIXA_20260911_201539_ID11764.jpg,C:\Users\Joice\frontend cognimove\CogniMove\backend\outputs\evidencias\clips\INVASAO_FAIXA_20260911_201539_ID11764.mp4,Pintura desgastada / ausente,0.35,,"{""Pintura desgastada / ausente"": 0.35, ""Sinalização pouco visível"": 0.25, ""Ausência de segregador físico"": 0.2, ""Conduta do condutor"": 0.2}"
2026-09-11T20:15:47.269685,9783,INVASAO_FAIXA,Cruzou Linha de Retencao,11774,Carro,0.689,Camera 1,C:\Users\Joice\frontend cognimove\CogniMove\backend\outputs\evidencias\screenshots\INVASAO_FAIXA_20260911_201547_ID11774.jpg,C:\Users\Joice\frontend cognimove\CogniMove\backend\outputs\evidencias\clips\INVASAO_FAIXA_20260911_201547_ID11774.mp4,Pintura desgastada / ausente,0.35,,"{""Pintura desgastada / ausente"": 0.35, ""Sinalização pouco visível"": 0.25, ""Ausência de segregador físico"": 0.2, ""Conduta do condutor"": 0.2}"
2026-09-11T20:15:56.862684,9791,INVASAO_FAIXA,Cruzou Linha de Retencao,11788,Onibus,0.397,Camera 1,C:\Users\Joice\frontend cognimove\CogniMove\backend\outputs\evidencias\screenshots\INVASAO_FAIXA_20260911_201556_ID11788.jpg,C:\Users\Joice\frontend cognimove\CogniMove\backend\outputs\evidencias\clips\INVASAO_FAIXA_20260911_201556_ID11788.mp4,Pintura desgastada / ausente,0.35,,"{""Pintura desgastada / ausente"": 0.35, ""Sinalização pouco visível"": 0.25, ""Ausência de segregador físico"": 0.2, ""Conduta do condutor"": 0.2}"
2026-09-11T20:16:11.438627,9811,INVASAO_FAIXA,Cruzou Linha de Retencao,11804,Carro,0.556,Camera 1,C:\Users\Joice\frontend cognimove\CogniMove\backend\outputs\evidencias\screenshots\INVASAO_FAIXA_20260911_201611_ID11804.jpg,C:\Users\Joice\frontend cognimove\CogniMove\backend\outputs\evidencias\clips\INVASAO_FAIXA_20260911_201611_ID11804.mp4,Pintura desgastada / ausente,0.35,,"{""Pintura desgastada / ausente"": 0.35, ""Sinalização pouco visível"": 0.25, ""Ausência de segregador físico"": 0.2, ""Conduta do condutor"": 0.2}"
2026-09-11T20:16:13.409544,9814,INVASAO_FAIXA,Cruzou Linha de Retencao,11802,Carro,0.65,Camera 1,C:\Users\Joice\frontend cognimove\CogniMove\backend\outputs\evidencias\screenshots\INVASAO_FAIXA_20260911_201613_ID11802.jpg,C:\Users\Joice\frontend cognimove\CogniMove\backend\outputs\evidencias\clips\INVASAO_FAIXA_20260911_201613_ID11802.mp4,Pintura desgastada / ausente,0.35,,"{""Pintura desgastada / ausente"": 0.35, ""Sinalização pouco visível"": 0.25, ""Ausência de segregador físico"": 0.2, ""Conduta do condutor"": 0.2}"
2026-09-11T20:16:44.909958,9862,INVASAO_FAIXA,Cruzou Linha de Retencao,11847,Carro,0.773,Camera 1,C:\Users\Joice\frontend cognimove\CogniMove\backend\outputs\evidencias\screenshots\INVASAO_FAIXA_20260911_201644_ID11847.jpg,C:\Users\Joice\frontend cognimove\CogniMove\backend\outputs\evidencias\clips\INVASAO_FAIXA_20260911_201644_ID11847.mp4,Pintura desgastada / ausente,0.35,,"{""Pintura desgastada / ausente"": 0.35, ""Sinalização pouco visível"": 0.25, ""Ausência de segregador físico"": 0.2, ""Conduta do condutor"": 0.2}"
2026-09-11T20:17:10.678005,9900,INVASAO_FAIXA,Cruzou Linha de Retencao,11859,Carro,0.714,Camera 1,C:\Users\Joice\frontend cognimove\CogniMove\backend\outputs\evidencias\screenshots\INVASAO_FAIXA_20260911_201710_ID11859.jpg,C:\Users\Joice\frontend cognimove\CogniMove\backend\outputs\evidencias\clips\INVASAO_FAIXA_20260911_201710_ID11859.mp4,Pintura desgastada / ausente,0.35,,"{""Pintura desgastada / ausente"": 0.35, ""Sinalização pouco visível"": 0.25, ""Ausência de segregador físico"": 0.2, ""Conduta do condutor"": 0.2}"
2026-09-11T20:17:15.809208,9909,INVASAO_FAIXA,Cruzou Linha de Retencao,11862,Carro,0.599,Camera 1,C:\Users\Joice\frontend cognimove\CogniMove\backend\outputs\evidencias\screenshots\INVASAO_FAIXA_20260911_201715_ID11862.jpg,C:\Users\Joice\frontend cognimove\CogniMove\backend\outputs\evidencias\clips\INVASAO_FAIXA_20260911_201715_ID11862.mp4,Pintura desgastada / ausente,0.35,,"{""Pintura desgastada / ausente"": 0.35, ""Sinalização pouco visível"": 0.25, ""Ausência de segregador físico"": 0.2, ""Conduta do condutor"": 0.2}"
2026-09-11T20:17:21.444549,9919,INVASAO_FAIXA,Cruzou Linha de Retencao,11877,Carro,0.631,Camera 1,C:\Users\Joice\frontend cognimove\CogniMove\backend\outputs\evidencias\screenshots\INVASAO_FAIXA_20260911_201721_ID11877.jpg,C:\Users\Joice\frontend cognimove\CogniMove\backend\outputs\evidencias\clips\INVASAO_FAIXA_20260911_201721_ID11877.mp4,Pintura desgastada / ausente,0.35,,"{""Pintura desgastada / ausente"": 0.35, ""Sinalização pouco visível"": 0.25, ""Ausência de segregador físico"": 0.2, ""Conduta do condutor"": 0.2}"
2026-09-11T20:17:29.342927,9932,INVASAO_FAIXA,Cruzou Linha de Retencao,11891,Carro,0.613,Camera 1,C:\Users\Joice\frontend cognimove\CogniMove\backend\outputs\evidencias\screenshots\INVASAO_FAIXA_20260911_201729_ID11891.jpg,C:\Users\Joice\frontend cognimove\CogniMove\backend\outputs\evidencias\clips\INVASAO_FAIXA_20260911_201729_ID11891.mp4,Pintura desgastada / ausente,0.35,,"{""Pintura desgastada / ausente"": 0.35, ""Sinalização pouco visível"": 0.25, ""Ausência de segregador físico"": 0.2, ""Conduta do condutor"": 0.2}"
2026-09-11T20:18:23.423665,10040,INVASAO_FAIXA,Cruzou Linha de Retencao,11983,Carro,0.571,Camera 1,C:\Users\Joice\frontend cognimove\CogniMove\backend\outputs\evidencias\screenshots\INVASAO_FAIXA_20260911_201823_ID11983.jpg,C:\Users\Joice\frontend cognimove\CogniMove\backend\outputs\evidencias\clips\INVASAO_FAIXA_20260911_201823_ID11983.mp4,Pintura desgastada / ausente,0.35,,"{""Pintura desgastada / ausente"": 0.35, ""Sinalização pouco visível"": 0.25, ""Ausência de segregador físico"": 0.2, ""Conduta do condutor"": 0.2}"
2026-09-11T20:18:34.113302,10060,INVASAO_FAIXA,Cruzou Linha de Retencao,12005,Carro,0.814,Camera 1,C:\Users\Joice\frontend cognimove\CogniMove\backend\outputs\evidencias\screenshots\INVASAO_FAIXA_20260911_201834_ID12005.jpg,C:\Users\Joice\frontend cognimove\CogniMove\backend\outputs\evidencias\clips\INVASAO_FAIXA_20260911_201834_ID12005.mp4,Pintura desgastada / ausente,0.35,,"{""Pintura desgastada / ausente"": 0.35, ""Sinalização pouco visível"": 0.25, ""Ausência de segregador físico"": 0.2, ""Conduta do condutor"": 0.2}"
2026-09-11T20:18:34.609569,10061,INVASAO_FAIXA,Cruzou Linha de Retencao,11983,Carro,0.727,Camera 1,C:\Users\Joice\frontend cognimove\CogniMove\backend\outputs\evidencias\screenshots\INVASAO_FAIXA_20260911_201834_ID11983.jpg,C:\Users\Joice\frontend cognimove\CogniMove\backend\outputs\evidencias\clips\INVASAO_FAIXA_20260911_201834_ID11983.mp4,Pintura desgastada / ausente,0.35,,"{""Pintura desgastada / ausente"": 0.35, ""Sinalização pouco visível"": 0.25, ""Ausência de segregador físico"": 0.2, ""Conduta do condutor"": 0.2}"
2026-09-11T20:18:36.205899,10064,INVASAO_FAIXA,Cruzou Linha de Retencao,11975,Carro,0.696,Camera 1,C:\Users\Joice\frontend cognimove\CogniMove\backend\outputs\evidencias\screenshots\INVASAO_FAIXA_20260911_201836_ID11975.jpg,C:\Users\Joice\frontend cognimove\CogniMove\backend\outputs\evidencias\clips\INVASAO_FAIXA_20260911_201836_ID11975.mp4,Pintura desgastada / ausente,0.35,,"{""Pintura desgastada / ausente"": 0.35, ""Sinalização pouco visível"": 0.25, ""Ausência de segregador físico"": 0.2, ""Conduta do condutor"": 0.2}"
2026-09-11T20:19:30.662996,10175,INVASAO_FAIXA,Cruzou Linha de Retencao,12220,Carro,0.805,Camera 1,C:\Users\Joice\frontend cognimove\CogniMove\backend\outputs\evidencias\screenshots\INVASAO_FAIXA_20260911_201930_ID12220.jpg,C:\Users\Joice\frontend cognimove\CogniMove\backend\outputs\evidencias\clips\INVASAO_FAIXA_20260911_201930_ID12220.mp4,Pintura desgastada / ausente,0.35,,"{""Pintura desgastada / ausente"": 0.35, ""Sinalização pouco visível"": 0.25, ""Ausência de segregador físico"": 0.2, ""Conduta do condutor"": 0.2}"
2026-09-11T20:20:46.743752,10333,INVASAO_FAIXA,Cruzou Linha de Retencao,12379,Carro,0.805,Camera 1,C:\Users\Joice\frontend cognimove\CogniMove\backend\outputs\evidencias\screenshots\INVASAO_FAIXA_20260911_202046_ID12379.jpg,C:\Users\Joice\frontend cognimove\CogniMove\backend\outputs\evidencias\clips\INVASAO_FAIXA_20260911_202046_ID12379.mp4,Pintura desgastada / ausente,0.35,,"{""Pintura desgastada / ausente"": 0.35, ""Sinalização pouco visível"": 0.25, ""Ausência de segregador físico"": 0.2, ""Conduta do condutor"": 0.2}"
2026-09-11T20:20:52.870392,10344,INVASAO_FAIXA,Cruzou Linha de Retencao,12384,Carro,0.718,Camera 1,C:\Users\Joice\frontend cognimove\CogniMove\backend\outputs\evidencias\screenshots\INVASAO_FAIXA_20260911_202052_ID12384.jpg,C:\Users\Joice\frontend cognimove\CogniMove\backend\outputs\evidencias\clips\INVASAO_FAIXA_20260911_202052_ID12384.mp4,Pintura desgastada / ausente,0.35,,"{""Pintura desgastada / ausente"": 0.35, ""Sinalização pouco visível"": 0.25, ""Ausência de segregador físico"": 0.2, ""Conduta do condutor"": 0.2}"
2026-09-11T20:21:15.393165,10379,INVASAO_FAIXA,Cruzou Linha de Retencao,12398,Caminhao,0.402,Camera 1,C:\Users\Joice\frontend cognimove\CogniMove\backend\outputs\evidencias\screenshots\INVASAO_FAIXA_20260911_202115_ID12398.jpg,C:\Users\Joice\frontend cognimove\CogniMove\backend\outputs\evidencias\clips\INVASAO_FAIXA_20260911_202115_ID12398.mp4,Pintura desgastada / ausente,0.35,,"{""Pintura desgastada / ausente"": 0.35, ""Sinalização pouco visível"": 0.25, ""Ausência de segregador físico"": 0.2, ""Conduta do condutor"": 0.2}"
2026-09-11T20:21:31.407531,10404,INVASAO_FAIXA,Cruzou Linha de Retencao,12427,Carro,0.577,Camera 1,C:\Users\Joice\frontend cognimove\CogniMove\backend\outputs\evidencias\screenshots\INVASAO_FAIXA_20260911_202131_ID12427.jpg,C:\Users\Joice\frontend cognimove\CogniMove\backend\outputs\evidencias\clips\INVASAO_FAIXA_20260911_202131_ID12427.mp4,Pintura desgastada / ausente,0.35,,"{""Pintura desgastada / ausente"": 0.35, ""Sinalização pouco visível"": 0.25, ""Ausência de segregador físico"": 0.2, ""Conduta do condutor"": 0.2}"
2026-09-11T20:21:35.599187,10412,INVASAO_FAIXA,Cruzou Linha de Retencao,12442,Carro,0.82,Camera 1,C:\Users\Joice\frontend cognimove\CogniMove\backend\outputs\evidencias\screenshots\INVASAO_FAIXA_20260911_202135_ID12442.jpg,C:\Users\Joice\frontend cognimove\CogniMove\backend\outputs\evidencias\clips\INVASAO_FAIXA_20260911_202135_ID12442.mp4,Pintura desgastada / ausente,0.35,,"{""Pintura desgastada / ausente"": 0.35, ""Sinalização pouco visível"": 0.25, ""Ausência de segregador físico"": 0.2, ""Conduta do condutor"": 0.2}"
2026-09-11T20:21:41.212718,10423,INVASAO_FAIXA,Cruzou Linha de Retencao,12450,Caminhao,0.771,Camera 1,C:\Users\Joice\frontend cognimove\CogniMove\backend\outputs\evidencias\screenshots\INVASAO_FAIXA_20260911_202141_ID12450.jpg,C:\Users\Joice\frontend cognimove\CogniMove\backend\outputs\evidencias\clips\INVASAO_FAIXA_20260911_202141_ID12450.mp4,Pintura desgastada / ausente,0.35,,"{""Pintura desgastada / ausente"": 0.35, ""Sinalização pouco visível"": 0.25, ""Ausência de segregador físico"": 0.2, ""Conduta do condutor"": 0.2}"
2026-09-11T20:21:43.395001,10427,INVASAO_FAIXA,Cruzou Linha de Retencao,12457,Caminhao,0.483,Camera 1,C:\Users\Joice\frontend cognimove\CogniMove\backend\outputs\evidencias\screenshots\INVASAO_FAIXA_20260911_202143_ID12457.jpg,C:\Users\Joice\frontend cognimove\CogniMove\backend\outputs\evidencias\clips\INVASAO_FAIXA_20260911_202143_ID12457.mp4,Pintura desgastada / ausente,0.35,,"{""Pintura desgastada / ausente"": 0.35, ""Sinalização pouco visível"": 0.25, ""Ausência de segregador físico"": 0.2, ""Conduta do condutor"": 0.2}"
2026-09-11T20:21:46.708421,10433,INVASAO_FAIXA,Cruzou Linha de Retencao,12461,Carro,0.684,Camera 1,C:\Users\Joice\frontend cognimove\CogniMove\backend\outputs\evidencias\screenshots\INVASAO_FAIXA_20260911_202146_ID12461.jpg,C:\Users\Joice\frontend cognimove\CogniMove\backend\outputs\evidencias\clips\INVASAO_FAIXA_20260911_202146_ID12461.mp4,Pintura desgastada / ausente,0.35,,"{""Pintura desgastada / ausente"": 0.35, ""Sinalização pouco visível"": 0.25, ""Ausência de segregador físico"": 0.2, ""Conduta do condutor"": 0.2}"
2026-09-11T20:21:50.533509,10439,INVASAO_FAIXA,Cruzou Linha de Retencao,12469,Carro,0.712,Camera 1,C:\Users\Joice\frontend cognimove\CogniMove\backend\outputs\evidencias\screenshots\INVASAO_FAIXA_20260911_202150_ID12469.jpg,C:\Users\Joice\frontend cognimove\CogniMove\backend\outputs\evidencias\clips\INVASAO_FAIXA_20260911_202150_ID12469.mp4,Pintura desgastada / ausente,0.35,,"{""Pintura desgastada / ausente"": 0.35, ""Sinalização pouco visível"": 0.25, ""Ausência de segregador físico"": 0.2, ""Conduta do condutor"": 0.2}"
2026-09-11T20:21:52.398091,10443,INVASAO_FAIXA,Cruzou Linha de Retencao,12474,Carro,0.665,Camera 1,C:\Users\Joice\frontend cognimove\CogniMove\backend\outputs\evidencias\screenshots\INVASAO_FAIXA_20260911_202152_ID12474.jpg,C:\Users\Joice\frontend cognimove\CogniMove\backend\outputs\evidencias\clips\INVASAO_FAIXA_20260911_202152_ID12474.mp4,Pintura desgastada / ausente,0.35,,"{""Pintura desgastada / ausente"": 0.35, ""Sinalização pouco visível"": 0.25, ""Ausência de segregador físico"": 0.2, ""Conduta do condutor"": 0.2}"
2026-09-11T20:21:58.141112,10452,INVASAO_FAIXA,Cruzou Linha de Retencao,12489,Carro,0.78,Camera 1,C:\Users\Joice\frontend cognimove\CogniMove\backend\outputs\evidencias\screenshots\INVASAO_FAIXA_20260911_202158_ID12489.jpg,C:\Users\Joice\frontend cognimove\CogniMove\backend\outputs\evidencias\clips\INVASAO_FAIXA_20260911_202158_ID12489.mp4,Pintura desgastada / ausente,0.35,,"{""Pintura desgastada / ausente"": 0.35, ""Sinalização pouco visível"": 0.25, ""Ausência de segregador físico"": 0.2, ""Conduta do condutor"": 0.2}"
2026-09-11T20:22:02.600198,10458,INVASAO_FAIXA,Cruzou Linha de Retencao,12487,Carro,0.35,Camera 1,C:\Users\Joice\frontend cognimove\CogniMove\backend\outputs\evidencias\screenshots\INVASAO_FAIXA_20260911_202202_ID12487.jpg,C:\Users\Joice\frontend cognimove\CogniMove\backend\outputs\evidencias\clips\INVASAO_FAIXA_20260911_202202_ID12487.mp4,Pintura desgastada / ausente,0.35,,"{""Pintura desgastada / ausente"": 0.35, ""Sinalização pouco visível"": 0.25, ""Ausência de segregador físico"": 0.2, ""Conduta do condutor"": 0.2}"
2026-09-11T20:22:28.576419,10497,INVASAO_FAIXA,Cruzou Linha de Retencao,12543,Carro,0.576,Camera 1,C:\Users\Joice\frontend cognimove\CogniMove\backend\outputs\evidencias\screenshots\INVASAO_FAIXA_20260911_202228_ID12543.jpg,C:\Users\Joice\frontend cognimove\CogniMove\backend\outputs\evidencias\clips\INVASAO_FAIXA_20260911_202228_ID12543.mp4,Pintura desgastada / ausente,0.35,,"{""Pintura desgastada / ausente"": 0.35, ""Sinalização pouco visível"": 0.25, ""Ausência de segregador físico"": 0.2, ""Conduta do condutor"": 0.2}"
2026-09-11T20:22:32.811918,10505,INVASAO_FAIXA,Cruzou Linha de Retencao,12556,Carro,0.717,Camera 1,C:\Users\Joice\frontend cognimove\CogniMove\backend\outputs\evidencias\screenshots\INVASAO_FAIXA_20260911_202232_ID12556.jpg,C:\Users\Joice\frontend cognimove\CogniMove\backend\outputs\evidencias\clips\INVASAO_FAIXA_20260911_202232_ID12556.mp4,Pintura desgastada / ausente,0.35,,"{""Pintura desgastada / ausente"": 0.35, ""Sinalização pouco visível"": 0.25, ""Ausência de segregador físico"": 0.2, ""Conduta do condutor"": 0.2}"
2026-09-11T20:22:37.922984,10515,INVASAO_FAIXA,Cruzou Linha de Retencao,12569,Carro,0.778,Camera 1,C:\Users\Joice\frontend cognimove\CogniMove\backend\outputs\evidencias\screenshots\INVASAO_FAIXA_20260911_202237_ID12569.jpg,C:\Users\Joice\frontend cognimove\CogniMove\backend\outputs\evidencias\clips\INVASAO_FAIXA_20260911_202237_ID12569.mp4,Pintura desgastada / ausente,0.35,,"{""Pintura desgastada / ausente"": 0.35, ""Sinalização pouco visível"": 0.25, ""Ausência de segregador físico"": 0.2, ""Conduta do condutor"": 0.2}"
2026-09-11T20:22:38.428411,10516,INVASAO_FAIXA,Cruzou Linha de Retencao,12572,Carro,0.366,Camera 1,C:\Users\Joice\frontend cognimove\CogniMove\backend\outputs\evidencias\screenshots\INVASAO_FAIXA_20260911_202238_ID12572.jpg,C:\Users\Joice\frontend cognimove\CogniMove\backend\outputs\evidencias\clips\INVASAO_FAIXA_20260911_202238_ID12572.mp4,Pintura desgastada / ausente,0.35,,"{""Pintura desgastada / ausente"": 0.35, ""Sinalização pouco visível"": 0.25, ""Ausência de segregador físico"": 0.2, ""Conduta do condutor"": 0.2}"
2026-09-11T20:22:42.232272,10524,INVASAO_FAIXA,Cruzou Linha de Retencao,12573,Carro,0.617,Camera 1,C:\Users\Joice\frontend cognimove\CogniMove\backend\outputs\evidencias\screenshots\INVASAO_FAIXA_20260911_202242_ID12573.jpg,C:\Users\Joice\frontend cognimove\CogniMove\backend\outputs\evidencias\clips\INVASAO_FAIXA_20260911_202242_ID12573.mp4,Pintura desgastada / ausente,0.35,,"{""Pintura desgastada / ausente"": 0.35, ""Sinalização pouco visível"": 0.25, ""Ausência de segregador físico"": 0.2, ""Conduta do condutor"": 0.2}"
2026-09-11T20:22:45.366109,10529,INVASAO_FAIXA,Cruzou Linha de Retencao,12583,Carro,0.136,Camera 1,C:\Users\Joice\frontend cognimove\CogniMove\backend\outputs\evidencias\screenshots\INVASAO_FAIXA_20260911_202245_ID12583.jpg,C:\Users\Joice\frontend cognimove\CogniMove\backend\outputs\evidencias\clips\INVASAO_FAIXA_20260911_202245_ID12583.mp4,Pintura desgastada / ausente,0.35,,"{""Pintura desgastada / ausente"": 0.35, ""Sinalização pouco visível"": 0.25, ""Ausência de segregador físico"": 0.2, ""Conduta do condutor"": 0.2}"
2026-09-11T20:22:52.388053,10541,INVASAO_FAIXA,Cruzou Linha de Retencao,12595,Carro,0.717,Camera 1,C:\Users\Joice\frontend cognimove\CogniMove\backend\outputs\evidencias\screenshots\INVASAO_FAIXA_20260911_202252_ID12595.jpg,C:\Users\Joice\frontend cognimove\CogniMove\backend\outputs\evidencias\clips\INVASAO_FAIXA_20260911_202252_ID12595.mp4,Pintura desgastada / ausente,0.35,,"{""Pintura desgastada / ausente"": 0.35, ""Sinalização pouco visível"": 0.25, ""Ausência de segregador físico"": 0.2, ""Conduta do condutor"": 0.2}"
2026-09-11T20:23:04.854893,10563,INVASAO_FAIXA,Cruzou Linha de Retencao,12615,Carro,0.466,Camera 1,C:\Users\Joice\frontend cognimove\CogniMove\backend\outputs\evidencias\screenshots\INVASAO_FAIXA_20260911_202304_ID12615.jpg,C:\Users\Joice\frontend cognimove\CogniMove\backend\outputs\evidencias\clips\INVASAO_FAIXA_20260911_202304_ID12615.mp4,Pintura desgastada / ausente,0.35,,"{""Pintura desgastada / ausente"": 0.35, ""Sinalização pouco visível"": 0.25, ""Ausência de segregador físico"": 0.2, ""Conduta do condutor"": 0.2}"
2026-09-11T20:23:09.843230,10572,INVASAO_FAIXA,Cruzou Linha de Retencao,12620,Carro,0.488,Camera 1,C:\Users\Joice\frontend cognimove\CogniMove\backend\outputs\evidencias\screenshots\INVASAO_FAIXA_20260911_202309_ID12620.jpg,C:\Users\Joice\frontend cognimove\CogniMove\backend\outputs\evidencias\clips\INVASAO_FAIXA_20260911_202309_ID12620.mp4,Pintura desgastada / ausente,0.35,,"{""Pintura desgastada / ausente"": 0.35, ""Sinalização pouco visível"": 0.25, ""Ausência de segregador físico"": 0.2, ""Conduta do condutor"": 0.2}"
2026-09-11T20:23:10.800829,10574,INVASAO_FAIXA,Cruzou Linha de Retencao,12622,Caminhao,0.658,Camera 1,C:\Users\Joice\frontend cognimove\CogniMove\backend\outputs\evidencias\screenshots\INVASAO_FAIXA_20260911_202310_ID12622.jpg,C:\Users\Joice\frontend cognimove\CogniMove\backend\outputs\evidencias\clips\INVASAO_FAIXA_20260911_202310_ID12622.mp4,Pintura desgastada / ausente,0.35,,"{""Pintura desgastada / ausente"": 0.35, ""Sinalização pouco visível"": 0.25, ""Ausência de segregador físico"": 0.2, ""Conduta do condutor"": 0.2}"
2026-09-11T20:23:25.695889,10600,INVASAO_FAIXA,Cruzou Linha de Retencao,12647,Carro,0.712,Camera 1,C:\Users\Joice\frontend cognimove\CogniMove\backend\outputs\evidencias\screenshots\INVASAO_FAIXA_20260911_202325_ID12647.jpg,C:\Users\Joice\frontend cognimove\CogniMove\backend\outputs\evidencias\clips\INVASAO_FAIXA_20260911_202325_ID12647.mp4,Pintura desgastada / ausente,0.35,,"{""Pintura desgastada / ausente"": 0.35, ""Sinalização pouco visível"": 0.25, ""Ausência de segregador físico"": 0.2, ""Conduta do condutor"": 0.2}"
2026-09-11T20:23:36.805565,10623,INVASAO_FAIXA,Cruzou Linha de Retencao,12669,Carro,0.635,Camera 1,C:\Users\Joice\frontend cognimove\CogniMove\backend\outputs\evidencias\screenshots\INVASAO_FAIXA_20260911_202336_ID12669.jpg,C:\Users\Joice\frontend cognimove\CogniMove\backend\outputs\evidencias\clips\INVASAO_FAIXA_20260911_202336_ID12669.mp4,Pintura desgastada / ausente,0.35,,"{""Pintura desgastada / ausente"": 0.35, ""Sinalização pouco visível"": 0.25, ""Ausência de segregador físico"": 0.2, ""Conduta do condutor"": 0.2}"
2026-09-11T20:24:24.968963,10721,INVASAO_FAIXA,Cruzou Linha de Retencao,12758,Carro,0.843,Camera 1,C:\Users\Joice\frontend cognimove\CogniMove\backend\outputs\evidencias\screenshots\INVASAO_FAIXA_20260911_202424_ID12758.jpg,C:\Users\Joice\frontend cognimove\CogniMove\backend\outputs\evidencias\clips\INVASAO_FAIXA_20260911_202424_ID12758.mp4,Pintura desgastada / ausente,0.35,,"{""Pintura desgastada / ausente"": 0.35, ""Sinalização pouco visível"": 0.25, ""Ausência de segregador físico"": 0.2, ""Conduta do condutor"": 0.2}"
2026-09-11T20:24:33.857085,10737,INVASAO_FAIXA,Cruzou Linha de Retencao,12794,Carro,0.778,Camera 1,C:\Users\Joice\frontend cognimove\CogniMove\backend\outputs\evidencias\screenshots\INVASAO_FAIXA_20260911_202433_ID12794.jpg,C:\Users\Joice\frontend cognimove\CogniMove\backend\outputs\evidencias\clips\INVASAO_FAIXA_20260911_202433_ID12794.mp4,Pintura desgastada / ausente,0.35,,"{""Pintura desgastada / ausente"": 0.35, ""Sinalização pouco visível"": 0.25, ""Ausência de segregador físico"": 0.2, ""Conduta do condutor"": 0.2}"
2026-09-11T20:24:59.935536,10781,INVASAO_FAIXA,Cruzou Linha de Retencao,12853,Carro,0.61,Camera 1,C:\Users\Joice\frontend cognimove\CogniMove\backend\outputs\evidencias\screenshots\INVASAO_FAIXA_20260911_202459_ID12853.jpg,C:\Users\Joice\frontend cognimove\CogniMove\backend\outputs\evidencias\clips\INVASAO_FAIXA_20260911_202459_ID12853.mp4,Pintura desgastada / ausente,0.35,,"{""Pintura desgastada / ausente"": 0.35, ""Sinalização pouco visível"": 0.25, ""Ausência de segregador físico"": 0.2, ""Conduta do condutor"": 0.2}"
2026-09-11T20:25:23.678825,10823,INVASAO_FAIXA,Cruzou Linha de Retencao,12889,Carro,0.752,Camera 1,C:\Users\Joice\frontend cognimove\CogniMove\backend\outputs\evidencias\screenshots\INVASAO_FAIXA_20260911_202523_ID12889.jpg,C:\Users\Joice\frontend cognimove\CogniMove\backend\outputs\evidencias\clips\INVASAO_FAIXA_20260911_202523_ID12889.mp4,Pintura desgastada / ausente,0.35,,"{""Pintura desgastada / ausente"": 0.35, ""Sinalização pouco visível"": 0.25, ""Ausência de segregador físico"": 0.2, ""Conduta do condutor"": 0.2}"
2026-09-11T20:25:47.113353,10867,INVASAO_FAIXA,Cruzou Linha de Retencao,12958,Carro,0.904,Camera 1,C:\Users\Joice\frontend cognimove\CogniMove\backend\outputs\evidencias\screenshots\INVASAO_FAIXA_20260911_202547_ID12958.jpg,C:\Users\Joice\frontend cognimove\CogniMove\backend\outputs\evidencias\clips\INVASAO_FAIXA_20260911_202547_ID12958.mp4,Pintura desgastada / ausente,0.35,,"{""Pintura desgastada / ausente"": 0.35, ""Sinalização pouco visível"": 0.25, ""Ausência de segregador físico"": 0.2, ""Conduta do condutor"": 0.2}"
2026-09-11T20:27:30.995593,11051,INVASAO_FAIXA,Cruzou Linha de Retencao,13050,Carro,0.628,Camera 1,C:\Users\Joice\frontend cognimove\CogniMove\backend\outputs\evidencias\screenshots\INVASAO_FAIXA_20260911_202730_ID13050.jpg,C:\Users\Joice\frontend cognimove\CogniMove\backend\outputs\evidencias\clips\INVASAO_FAIXA_20260911_202730_ID13050.mp4,Pintura desgastada / ausente,0.35,,"{""Pintura desgastada / ausente"": 0.35, ""Sinalização pouco visível"": 0.25, ""Ausência de segregador físico"": 0.2, ""Conduta do condutor"": 0.2}"
2026-09-11T20:27:38.796513,11066,INVASAO_FAIXA,Cruzou Linha de Retencao,13069,Carro,0.727,Camera 1,C:\Users\Joice\frontend cognimove\CogniMove\backend\outputs\evidencias\screenshots\INVASAO_FAIXA_20260911_202738_ID13069.jpg,C:\Users\Joice\frontend cognimove\CogniMove\backend\outputs\evidencias\clips\INVASAO_FAIXA_20260911_202738_ID13069.mp4,Pintura desgastada / ausente,0.35,,"{""Pintura desgastada / ausente"": 0.35, ""Sinalização pouco visível"": 0.25, ""Ausência de segregador físico"": 0.2, ""Conduta do condutor"": 0.2}"
2026-09-11T20:27:48.825123,11080,INVASAO_FAIXA,Cruzou Linha de Retencao,13081,Carro,0.719,Camera 1,C:\Users\Joice\frontend cognimove\CogniMove\backend\outputs\evidencias\screenshots\INVASAO_FAIXA_20260911_202748_ID13081.jpg,C:\Users\Joice\frontend cognimove\CogniMove\backend\outputs\evidencias\clips\INVASAO_FAIXA_20260911_202748_ID13081.mp4,Pintura desgastada / ausente,0.35,,"{""Pintura desgastada / ausente"": 0.35, ""Sinalização pouco visível"": 0.25, ""Ausência de segregador físico"": 0.2, ""Conduta do condutor"": 0.2}"
2026-09-11T20:27:58.561028,11094,INVASAO_FAIXA,Cruzou Linha de Retencao,13093,Carro,0.719,Camera 1,C:\Users\Joice\frontend cognimove\CogniMove\backend\outputs\evidencias\screenshots\INVASAO_FAIXA_20260911_202758_ID13093.jpg,C:\Users\Joice\frontend cognimove\CogniMove\backend\outputs\evidencias\clips\INVASAO_FAIXA_20260911_202758_ID13093.mp4,Pintura desgastada / ausente,0.35,,"{""Pintura desgastada / ausente"": 0.35, ""Sinalização pouco visível"": 0.25, ""Ausência de segregador físico"": 0.2, ""Conduta do condutor"": 0.2}"
2026-09-11T20:28:10.836846,11109,INVASAO_FAIXA,Cruzou Linha de Retencao,13098,Caminhao,0.824,Camera 1,C:\Users\Joice\frontend cognimove\CogniMove\backend\outputs\evidencias\screenshots\INVASAO_FAIXA_20260911_202810_ID13098.jpg,C:\Users\Joice\frontend cognimove\CogniMove\backend\outputs\evidencias\clips\INVASAO_FAIXA_20260911_202810_ID13098.mp4,Pintura desgastada / ausente,0.35,,"{""Pintura desgastada / ausente"": 0.35, ""Sinalização pouco visível"": 0.25, ""Ausência de segregador físico"": 0.2, ""Conduta do condutor"": 0.2}"
2026-09-11T20:28:22.115296,11124,INVASAO_FAIXA,Cruzou Linha de Retencao,13099,Carro,0.784,Camera 1,C:\Users\Joice\frontend cognimove\CogniMove\backend\outputs\evidencias\screenshots\INVASAO_FAIXA_20260911_202822_ID13099.jpg,C:\Users\Joice\frontend cognimove\CogniMove\backend\outputs\evidencias\clips\INVASAO_FAIXA_20260911_202822_ID13099.mp4,Pintura desgastada / ausente,0.35,,"{""Pintura desgastada / ausente"": 0.35, ""Sinalização pouco visível"": 0.25, ""Ausência de segregador físico"": 0.2, ""Conduta do condutor"": 0.2}"
2026-09-11T20:28:31.297330,11136,INVASAO_FAIXA,Cruzou Linha de Retencao,13129,Carro,0.651,Camera 1,C:\Users\Joice\frontend cognimove\CogniMove\backend\outputs\evidencias\screenshots\INVASAO_FAIXA_20260911_202831_ID13129.jpg,C:\Users\Joice\frontend cognimove\CogniMove\backend\outputs\evidencias\clips\INVASAO_FAIXA_20260911_202831_ID13129.mp4,Pintura desgastada / ausente,0.35,,"{""Pintura desgastada / ausente"": 0.35, ""Sinalização pouco visível"": 0.25, ""Ausência de segregador físico"": 0.2, ""Conduta do condutor"": 0.2}"
2026-09-11T20:28:37.894767,11145,INVASAO_FAIXA,Cruzou Linha de Retencao,13139,Carro,0.73,Camera 1,C:\Users\Joice\frontend cognimove\CogniMove\backend\outputs\evidencias\screenshots\INVASAO_FAIXA_20260911_202837_ID13139.jpg,C:\Users\Joice\frontend cognimove\CogniMove\backend\outputs\evidencias\clips\INVASAO_FAIXA_20260911_202837_ID13139.mp4,Pintura desgastada / ausente,0.35,,"{""Pintura desgastada / ausente"": 0.35, ""Sinalização pouco visível"": 0.25, ""Ausência de segregador físico"": 0.2, ""Conduta do condutor"": 0.2}"
2026-09-11T20:28:42.301206,11153,INVASAO_FAIXA,Cruzou Linha de Retencao,13148,Carro,0.467,Camera 1,C:\Users\Joice\frontend cognimove\CogniMove\backend\outputs\evidencias\screenshots\INVASAO_FAIXA_20260911_202842_ID13148.jpg,C:\Users\Joice\frontend cognimove\CogniMove\backend\outputs\evidencias\clips\INVASAO_FAIXA_20260911_202842_ID13148.mp4,Pintura desgastada / ausente,0.35,,"{""Pintura desgastada / ausente"": 0.35, ""Sinalização pouco visível"": 0.25, ""Ausência de segregador físico"": 0.2, ""Conduta do condutor"": 0.2}"
2026-09-11T20:28:44.665343,11157,INVASAO_FAIXA,Cruzou Linha de Retencao,13153,Carro,0.632,Camera 1,C:\Users\Joice\frontend cognimove\CogniMove\backend\outputs\evidencias\screenshots\INVASAO_FAIXA_20260911_202844_ID13153.jpg,C:\Users\Joice\frontend cognimove\CogniMove\backend\outputs\evidencias\clips\INVASAO_FAIXA_20260911_202844_ID13153.mp4,Pintura desgastada / ausente,0.35,,"{""Pintura desgastada / ausente"": 0.35, ""Sinalização pouco visível"": 0.25, ""Ausência de segregador físico"": 0.2, ""Conduta do condutor"": 0.2}"
2026-09-11T20:28:57.591398,11176,INVASAO_FAIXA,Cruzou Linha de Retencao,13164,Carro,0.669,Camera 1,C:\Users\Joice\frontend cognimove\CogniMove\backend\outputs\evidencias\screenshots\INVASAO_FAIXA_20260911_202857_ID13164.jpg,C:\Users\Joice\frontend cognimove\CogniMove\backend\outputs\evidencias\clips\INVASAO_FAIXA_20260911_202857_ID13164.mp4,Pintura desgastada / ausente,0.35,,"{""Pintura desgastada / ausente"": 0.35, ""Sinalização pouco visível"": 0.25, ""Ausência de segregador físico"": 0.2, ""Conduta do condutor"": 0.2}"
2026-09-11T20:29:02.122187,11182,INVASAO_FAIXA,Cruzou Linha de Retencao,13180,Carro,0.675,Camera 1,C:\Users\Joice\frontend cognimove\CogniMove\backend\outputs\evidencias\screenshots\INVASAO_FAIXA_20260911_202902_ID13180.jpg,C:\Users\Joice\frontend cognimove\CogniMove\backend\outputs\evidencias\clips\INVASAO_FAIXA_20260911_202902_ID13180.mp4,Pintura desgastada / ausente,0.35,,"{""Pintura desgastada / ausente"": 0.35, ""Sinalização pouco visível"": 0.25, ""Ausência de segregador físico"": 0.2, ""Conduta do condutor"": 0.2}"
2026-09-11T20:32:23.223008,11425,INVASAO_FAIXA,Cruzou Linha de Retencao,13343,Carro,0.679,Camera 1,C:\Users\Joice\frontend cognimove\CogniMove\backend\outputs\evidencias\screenshots\INVASAO_FAIXA_20260911_203223_ID13343.jpg,C:\Users\Joice\frontend cognimove\CogniMove\backend\outputs\evidencias\clips\INVASAO_FAIXA_20260911_203223_ID13343.mp4,Pintura desgastada / ausente,0.35,,"{""Pintura desgastada / ausente"": 0.35, ""Sinalização pouco visível"": 0.25, ""Ausência de segregador físico"": 0.2, ""Conduta do condutor"": 0.2}"
2026-09-11T20:32:31.430963,11436,INVASAO_FAIXA,Cruzou Linha de Retencao,13356,Carro,0.802,Camera 1,C:\Users\Joice\frontend cognimove\CogniMove\backend\outputs\evidencias\screenshots\INVASAO_FAIXA_20260911_203231_ID13356.jpg,C:\Users\Joice\frontend cognimove\CogniMove\backend\outputs\evidencias\clips\INVASAO_FAIXA_20260911_203231_ID13356.mp4,Pintura desgastada / ausente,0.35,,"{""Pintura desgastada / ausente"": 0.35, ""Sinalização pouco visível"": 0.25, ""Ausência de segregador físico"": 0.2, ""Conduta do condutor"": 0.2}"
2026-09-11T20:33:19.386684,11496,INVASAO_FAIXA,Cruzou Linha de Retencao,13400,Carro,0.551,Camera 1,C:\Users\Joice\frontend cognimove\CogniMove\backend\outputs\evidencias\screenshots\INVASAO_FAIXA_20260911_203319_ID13400.jpg,C:\Users\Joice\frontend cognimove\CogniMove\backend\outputs\evidencias\clips\INVASAO_FAIXA_20260911_203319_ID13400.mp4,Pintura desgastada / ausente,0.35,,"{""Pintura desgastada / ausente"": 0.35, ""Sinalização pouco visível"": 0.25, ""Ausência de segregador físico"": 0.2, ""Conduta do condutor"": 0.2}"
2026-09-11T20:34:04.155587,11572,INVASAO_FAIXA,Cruzou Linha de Retencao,13533,Carro,0.888,Camera 1,C:\Users\Joice\frontend cognimove\CogniMove\backend\outputs\evidencias\screenshots\INVASAO_FAIXA_20260911_203404_ID13533.jpg,C:\Users\Joice\frontend cognimove\CogniMove\backend\outputs\evidencias\clips\INVASAO_FAIXA_20260911_203404_ID13533.mp4,Pintura desgastada / ausente,0.35,,"{""Pintura desgastada / ausente"": 0.35, ""Sinalização pouco visível"": 0.25, ""Ausência de segregador físico"": 0.2, ""Conduta do condutor"": 0.2}"
2026-09-11T20:34:49.592108,11641,INVASAO_FAIXA,Cruzou Linha de Retencao,13614,Carro,0.666,Camera 1,C:\Users\Joice\frontend cognimove\CogniMove\backend\outputs\evidencias\screenshots\INVASAO_FAIXA_20260911_203449_ID13614.jpg,C:\Users\Joice\frontend cognimove\CogniMove\backend\outputs\evidencias\clips\INVASAO_FAIXA_20260911_203449_ID13614.mp4,Pintura desgastada / ausente,0.35,,"{""Pintura desgastada / ausente"": 0.35, ""Sinalização pouco visível"": 0.25, ""Ausência de segregador físico"": 0.2, ""Conduta do condutor"": 0.2}"
2026-09-11T20:34:58.263041,11654,INVASAO_FAIXA,Cruzou Linha de Retencao,13632,Carro,0.836,Camera 1,C:\Users\Joice\frontend cognimove\CogniMove\backend\outputs\evidencias\screenshots\INVASAO_FAIXA_20260911_203458_ID13632.jpg,C:\Users\Joice\frontend cognimove\CogniMove\backend\outputs\evidencias\clips\INVASAO_FAIXA_20260911_203458_ID13632.mp4,Pintura desgastada / ausente,0.35,,"{""Pintura desgastada / ausente"": 0.35, ""Sinalização pouco visível"": 0.25, ""Ausência de segregador físico"": 0.2, ""Conduta do condutor"": 0.2}"
2026-09-11T20:36:32.066893,11812,INVASAO_FAIXA,Cruzou Linha de Retencao,13787,Carro,0.769,Camera 1,C:\Users\Joice\frontend cognimove\CogniMove\backend\outputs\evidencias\screenshots\INVASAO_FAIXA_20260911_203632_ID13787.jpg,C:\Users\Joice\frontend cognimove\CogniMove\backend\outputs\evidencias\clips\INVASAO_FAIXA_20260911_203632_ID13787.mp4,Pintura desgastada / ausente,0.35,,"{""Pintura desgastada / ausente"": 0.35, ""Sinalização pouco visível"": 0.25, ""Ausência de segregador físico"": 0.2, ""Conduta do condutor"": 0.2}"
2026-09-11T20:36:41.417304,11823,INVASAO_FAIXA,Cruzou Linha de Retencao,13815,Carro,0.597,Camera 1,C:\Users\Joice\frontend cognimove\CogniMove\backend\outputs\evidencias\screenshots\INVASAO_FAIXA_20260911_203641_ID13815.jpg,C:\Users\Joice\frontend cognimove\CogniMove\backend\outputs\evidencias\clips\INVASAO_FAIXA_20260911_203641_ID13815.mp4,Pintura desgastada / ausente,0.35,,"{""Pintura desgastada / ausente"": 0.35, ""Sinalização pouco visível"": 0.25, ""Ausência de segregador físico"": 0.2, ""Conduta do condutor"": 0.2}"
2026-09-11T20:36:46.972251,11831,INVASAO_FAIXA,Cruzou Linha de Retencao,13826,Carro,0.706,Camera 1,C:\Users\Joice\frontend cognimove\CogniMove\backend\outputs\evidencias\screenshots\INVASAO_FAIXA_20260911_203646_ID13826.jpg,C:\Users\Joice\frontend cognimove\CogniMove\backend\outputs\evidencias\clips\INVASAO_FAIXA_20260911_203646_ID13826.mp4,Pintura desgastada / ausente,0.35,,"{""Pintura desgastada / ausente"": 0.35, ""Sinalização pouco visível"": 0.25, ""Ausência de segregador físico"": 0.2, ""Conduta do condutor"": 0.2}"
2026-09-11T20:36:47.477687,11832,INVASAO_FAIXA,Cruzou Linha de Retencao,13835,Carro,0.745,Camera 1,C:\Users\Joice\frontend cognimove\CogniMove\backend\outputs\evidencias\screenshots\INVASAO_FAIXA_20260911_203647_ID13835.jpg,C:\Users\Joice\frontend cognimove\CogniMove\backend\outputs\evidencias\clips\INVASAO_FAIXA_20260911_203647_ID13835.mp4,Pintura desgastada / ausente,0.35,,"{""Pintura desgastada / ausente"": 0.35, ""Sinalização pouco visível"": 0.25, ""Ausência de segregador físico"": 0.2, ""Conduta do condutor"": 0.2}"
2026-09-11T20:36:52.316496,11840,INVASAO_FAIXA,Cruzou Linha de Retencao,13855,Carro,0.706,Camera 1,C:\Users\Joice\frontend cognimove\CogniMove\backend\outputs\evidencias\screenshots\INVASAO_FAIXA_20260911_203652_ID13855.jpg,C:\Users\Joice\frontend cognimove\CogniMove\backend\outputs\evidencias\clips\INVASAO_FAIXA_20260911_203652_ID13855.mp4,Pintura desgastada / ausente,0.35,,"{""Pintura desgastada / ausente"": 0.35, ""Sinalização pouco visível"": 0.25, ""Ausência de segregador físico"": 0.2, ""Conduta do condutor"": 0.2}"
2026-09-11T20:36:59.401686,11852,INVASAO_FAIXA,Cruzou Linha de Retencao,13879,Carro,0.378,Camera 1,C:\Users\Joice\frontend cognimove\CogniMove\backend\outputs\evidencias\screenshots\INVASAO_FAIXA_20260911_203659_ID13879.jpg,C:\Users\Joice\frontend cognimove\CogniMove\backend\outputs\evidencias\clips\INVASAO_FAIXA_20260911_203659_ID13879.mp4,Pintura desgastada / ausente,0.35,,"{""Pintura desgastada / ausente"": 0.35, ""Sinalização pouco visível"": 0.25, ""Ausência de segregador físico"": 0.2, ""Conduta do condutor"": 0.2}"
2026-09-11T20:37:02.493974,11856,INVASAO_FAIXA,Cruzou Linha de Retencao,13889,Carro,0.728,Camera 1,C:\Users\Joice\frontend cognimove\CogniMove\backend\outputs\evidencias\screenshots\INVASAO_FAIXA_20260911_203702_ID13889.jpg,C:\Users\Joice\frontend cognimove\CogniMove\backend\outputs\evidencias\clips\INVASAO_FAIXA_20260911_203702_ID13889.mp4,Pintura desgastada / ausente,0.35,,"{""Pintura desgastada / ausente"": 0.35, ""Sinalização pouco visível"": 0.25, ""Ausência de segregador físico"": 0.2, ""Conduta do condutor"": 0.2}"
2026-09-11T20:37:06.262616,11862,INVASAO_FAIXA,Cruzou Linha de Retencao,13899,Carro,0.376,Camera 1,C:\Users\Joice\frontend cognimove\CogniMove\backend\outputs\evidencias\screenshots\INVASAO_FAIXA_20260911_203706_ID13899.jpg,C:\Users\Joice\frontend cognimove\CogniMove\backend\outputs\evidencias\clips\INVASAO_FAIXA_20260911_203706_ID13899.mp4,Pintura desgastada / ausente,0.35,,"{""Pintura desgastada / ausente"": 0.35, ""Sinalização pouco visível"": 0.25, ""Ausência de segregador físico"": 0.2, ""Conduta do condutor"": 0.2}"
2026-09-11T20:37:09.977562,11867,INVASAO_FAIXA,Cruzou Linha de Retencao,13898,Carro,0.616,Camera 1,C:\Users\Joice\frontend cognimove\CogniMove\backend\outputs\evidencias\screenshots\INVASAO_FAIXA_20260911_203709_ID13898.jpg,C:\Users\Joice\frontend cognimove\CogniMove\backend\outputs\evidencias\clips\INVASAO_FAIXA_20260911_203709_ID13898.mp4,Pintura desgastada / ausente,0.35,,"{""Pintura desgastada / ausente"": 0.35, ""Sinalização pouco visível"": 0.25, ""Ausência de segregador físico"": 0.2, ""Conduta do condutor"": 0.2}"
2026-09-11T20:37:20.977642,11878,INVASAO_FAIXA,Cruzou Linha de Retencao,13925,Carro,0.739,Camera 1,C:\Users\Joice\frontend cognimove\CogniMove\backend\outputs\evidencias\screenshots\INVASAO_FAIXA_20260911_203720_ID13925.jpg,C:\Users\Joice\frontend cognimove\CogniMove\backend\outputs\evidencias\clips\INVASAO_FAIXA_20260911_203720_ID13925.mp4,Pintura desgastada / ausente,0.35,,"{""Pintura desgastada / ausente"": 0.35, ""Sinalização pouco visível"": 0.25, ""Ausência de segregador físico"": 0.2, ""Conduta do condutor"": 0.2}"
2026-09-11T20:37:27.938621,11889,INVASAO_FAIXA,Cruzou Linha de Retencao,13945,Carro,0.643,Camera 1,C:\Users\Joice\frontend cognimove\CogniMove\backend\outputs\evidencias\screenshots\INVASAO_FAIXA_20260911_203727_ID13945.jpg,C:\Users\Joice\frontend cognimove\CogniMove\backend\outputs\evidencias\clips\INVASAO_FAIXA_20260911_203727_ID13945.mp4,Pintura desgastada / ausente,0.35,,"{""Pintura desgastada / ausente"": 0.35, ""Sinalização pouco visível"": 0.25, ""Ausência de segregador físico"": 0.2, ""Conduta do condutor"": 0.2}"
2026-09-11T20:37:38.848005,11905,INVASAO_FAIXA,Cruzou Linha de Retencao,13946,Onibus,0.79,Camera 1,C:\Users\Joice\frontend cognimove\CogniMove\backend\outputs\evidencias\screenshots\INVASAO_FAIXA_20260911_203738_ID13946.jpg,C:\Users\Joice\frontend cognimove\CogniMove\backend\outputs\evidencias\clips\INVASAO_FAIXA_20260911_203738_ID13946.mp4,Pintura desgastada / ausente,0.35,,"{""Pintura desgastada / ausente"": 0.35, ""Sinalização pouco visível"": 0.25, ""Ausência de segregador físico"": 0.2, ""Conduta do condutor"": 0.2}"
2026-09-11T20:37:43.331217,11912,INVASAO_FAIXA,Cruzou Linha de Retencao,13969,Carro,0.46,Camera 1,C:\Users\Joice\frontend cognimove\CogniMove\backend\outputs\evidencias\screenshots\INVASAO_FAIXA_20260911_203743_ID13969.jpg,C:\Users\Joice\frontend cognimove\CogniMove\backend\outputs\evidencias\clips\INVASAO_FAIXA_20260911_203743_ID13969.mp4,Pintura desgastada / ausente,0.35,,"{""Pintura desgastada / ausente"": 0.35, ""Sinalização pouco visível"": 0.25, ""Ausência de segregador físico"": 0.2, ""Conduta do condutor"": 0.2}"
2026-09-11T20:37:51.210597,11922,INVASAO_FAIXA,Cruzou Linha de Retencao,13981,Carro,0.643,Camera 1,C:\Users\Joice\frontend cognimove\CogniMove\backend\outputs\evidencias\screenshots\INVASAO_FAIXA_20260911_203751_ID13981.jpg,C:\Users\Joice\frontend cognimove\CogniMove\backend\outputs\evidencias\clips\INVASAO_FAIXA_20260911_203751_ID13981.mp4,Pintura desgastada / ausente,0.35,,"{""Pintura desgastada / ausente"": 0.35, ""Sinalização pouco visível"": 0.25, ""Ausência de segregador físico"": 0.2, ""Conduta do condutor"": 0.2}"
2026-09-11T20:37:52.307163,11923,INVASAO_FAIXA,Cruzou Linha de Retencao,13983,Carro,0.728,Camera 1,C:\Users\Joice\frontend cognimove\CogniMove\backend\outputs\evidencias\screenshots\INVASAO_FAIXA_20260911_203752_ID13983.jpg,C:\Users\Joice\frontend cognimove\CogniMove\backend\outputs\evidencias\clips\INVASAO_FAIXA_20260911_203752_ID13983.mp4,Pintura desgastada / ausente,0.35,,"{""Pintura desgastada / ausente"": 0.35, ""Sinalização pouco visível"": 0.25, ""Ausência de segregador físico"": 0.2, ""Conduta do condutor"": 0.2}"
2026-09-11T20:37:58.909258,11932,INVASAO_FAIXA,Cruzou Linha de Retencao,13987,Carro,0.354,Camera 1,C:\Users\Joice\frontend cognimove\CogniMove\backend\outputs\evidencias\screenshots\INVASAO_FAIXA_20260911_203758_ID13987.jpg,C:\Users\Joice\frontend cognimove\CogniMove\backend\outputs\evidencias\clips\INVASAO_FAIXA_20260911_203758_ID13987.mp4,Pintura desgastada / ausente,0.35,,"{""Pintura desgastada / ausente"": 0.35, ""Sinalização pouco visível"": 0.25, ""Ausência de segregador físico"": 0.2, ""Conduta do condutor"": 0.2}"
2026-09-11T20:38:01.633868,11936,INVASAO_FAIXA,Cruzou Linha de Retencao,13992,Carro,0.802,Camera 1,C:\Users\Joice\frontend cognimove\CogniMove\backend\outputs\evidencias\screenshots\INVASAO_FAIXA_20260911_203801_ID13992.jpg,C:\Users\Joice\frontend cognimove\CogniMove\backend\outputs\evidencias\clips\INVASAO_FAIXA_20260911_203801_ID13992.mp4,Pintura desgastada / ausente,0.35,,"{""Pintura desgastada / ausente"": 0.35, ""Sinalização pouco visível"": 0.25, ""Ausência de segregador físico"": 0.2, ""Conduta do condutor"": 0.2}"
2026-09-11T20:38:07.292205,11943,INVASAO_FAIXA,Cruzou Linha de Retencao,14001,Carro,0.392,Camera 1,C:\Users\Joice\frontend cognimove\CogniMove\backend\outputs\evidencias\screenshots\INVASAO_FAIXA_20260911_203807_ID14001.jpg,C:\Users\Joice\frontend cognimove\CogniMove\backend\outputs\evidencias\clips\INVASAO_FAIXA_20260911_203807_ID14001.mp4,Pintura desgastada / ausente,0.35,,"{""Pintura desgastada / ausente"": 0.35, ""Sinalização pouco visível"": 0.25, ""Ausência de segregador físico"": 0.2, ""Conduta do condutor"": 0.2}"
2026-09-11T20:38:11.717302,11948,INVASAO_FAIXA,Cruzou Linha de Retencao,14003,Carro,0.725,Camera 1,C:\Users\Joice\frontend cognimove\CogniMove\backend\outputs\evidencias\screenshots\INVASAO_FAIXA_20260911_203811_ID14003.jpg,C:\Users\Joice\frontend cognimove\CogniMove\backend\outputs\evidencias\clips\INVASAO_FAIXA_20260911_203811_ID14003.mp4,Pintura desgastada / ausente,0.35,,"{""Pintura desgastada / ausente"": 0.35, ""Sinalização pouco visível"": 0.25, ""Ausência de segregador físico"": 0.2, ""Conduta do condutor"": 0.2}"
2026-09-11T20:38:22.710279,11965,INVASAO_FAIXA,Cruzou Linha de Retencao,14022,Carro,0.678,Camera 1,C:\Users\Joice\frontend cognimove\CogniMove\backend\outputs\evidencias\screenshots\INVASAO_FAIXA_20260911_203822_ID14022.jpg,C:\Users\Joice\frontend cognimove\CogniMove\backend\outputs\evidencias\clips\INVASAO_FAIXA_20260911_203822_ID14022.mp4,Pintura desgastada / ausente,0.35,,"{""Pintura desgastada / ausente"": 0.35, ""Sinalização pouco visível"": 0.25, ""Ausência de segregador físico"": 0.2, ""Conduta do condutor"": 0.2}"
2026-09-11T20:38:32.819668,11981,INVASAO_FAIXA,Cruzou Linha de Retencao,14036,Carro,0.869,Camera 1,C:\Users\Joice\frontend cognimove\CogniMove\backend\outputs\evidencias\screenshots\INVASAO_FAIXA_20260911_203832_ID14036.jpg,C:\Users\Joice\frontend cognimove\CogniMove\backend\outputs\evidencias\clips\INVASAO_FAIXA_20260911_203832_ID14036.mp4,Pintura desgastada / ausente,0.35,,"{""Pintura desgastada / ausente"": 0.35, ""Sinalização pouco visível"": 0.25, ""Ausência de segregador físico"": 0.2, ""Conduta do condutor"": 0.2}"
2026-09-11T20:38:42.696516,11997,INVASAO_FAIXA,Cruzou Linha de Retencao,14051,Caminhao,0.56,Camera 1,C:\Users\Joice\frontend cognimove\CogniMove\backend\outputs\evidencias\screenshots\INVASAO_FAIXA_20260911_203842_ID14051.jpg,C:\Users\Joice\frontend cognimove\CogniMove\backend\outputs\evidencias\clips\INVASAO_FAIXA_20260911_203842_ID14051.mp4,Pintura desgastada / ausente,0.35,,"{""Pintura desgastada / ausente"": 0.35, ""Sinalização pouco visível"": 0.25, ""Ausência de segregador físico"": 0.2, ""Conduta do condutor"": 0.2}"
2026-09-11T20:38:50.159978,12008,INVASAO_FAIXA,Cruzou Linha de Retencao,14060,Carro,0.58,Camera 1,C:\Users\Joice\frontend cognimove\CogniMove\backend\outputs\evidencias\screenshots\INVASAO_FAIXA_20260911_203850_ID14060.jpg,C:\Users\Joice\frontend cognimove\CogniMove\backend\outputs\evidencias\clips\INVASAO_FAIXA_20260911_203850_ID14060.mp4,Pintura desgastada / ausente,0.35,,"{""Pintura desgastada / ausente"": 0.35, ""Sinalização pouco visível"": 0.25, ""Ausência de segregador físico"": 0.2, ""Conduta do condutor"": 0.2}"
2026-09-11T20:38:59.164904,12021,INVASAO_FAIXA,Cruzou Linha de Retencao,14076,Carro,0.739,Camera 1,C:\Users\Joice\frontend cognimove\CogniMove\backend\outputs\evidencias\screenshots\INVASAO_FAIXA_20260911_203859_ID14076.jpg,C:\Users\Joice\frontend cognimove\CogniMove\backend\outputs\evidencias\clips\INVASAO_FAIXA_20260911_203859_ID14076.mp4,Pintura desgastada / ausente,0.35,,"{""Pintura desgastada / ausente"": 0.35, ""Sinalização pouco visível"": 0.25, ""Ausência de segregador físico"": 0.2, ""Conduta do condutor"": 0.2}"
2026-09-11T20:39:08.602407,12036,INVASAO_FAIXA,Cruzou Linha de Retencao,14101,Carro,0.791,Camera 1,C:\Users\Joice\frontend cognimove\CogniMove\backend\outputs\evidencias\screenshots\INVASAO_FAIXA_20260911_203908_ID14101.jpg,C:\Users\Joice\frontend cognimove\CogniMove\backend\outputs\evidencias\clips\INVASAO_FAIXA_20260911_203908_ID14101.mp4,Pintura desgastada / ausente,0.35,,"{""Pintura desgastada / ausente"": 0.35, ""Sinalização pouco visível"": 0.25, ""Ausência de segregador físico"": 0.2, ""Conduta do condutor"": 0.2}"
2026-09-11T20:39:36.071531,12079,INVASAO_FAIXA,Cruzou Linha de Retencao,14155,Carro,0.496,Camera 1,C:\Users\Joice\frontend cognimove\CogniMove\backend\outputs\evidencias\screenshots\INVASAO_FAIXA_20260911_203936_ID14155.jpg,C:\Users\Joice\frontend cognimove\CogniMove\backend\outputs\evidencias\clips\INVASAO_FAIXA_20260911_203936_ID14155.mp4,Pintura desgastada / ausente,0.35,,"{""Pintura desgastada / ausente"": 0.35, ""Sinalização pouco visível"": 0.25, ""Ausência de segregador físico"": 0.2, ""Conduta do condutor"": 0.2}"
2026-09-11T20:40:07.900866,12130,INVASAO_FAIXA,Cruzou Linha de Retencao,14207,Carro,0.602,Camera 1,C:\Users\Joice\frontend cognimove\CogniMove\backend\outputs\evidencias\screenshots\INVASAO_FAIXA_20260911_204007_ID14207.jpg,C:\Users\Joice\frontend cognimove\CogniMove\backend\outputs\evidencias\clips\INVASAO_FAIXA_20260911_204007_ID14207.mp4,Pintura desgastada / ausente,0.35,,"{""Pintura desgastada / ausente"": 0.35, ""Sinalização pouco visível"": 0.25, ""Ausência de segregador físico"": 0.2, ""Conduta do condutor"": 0.2}"
2026-09-11T20:40:30.591201,12167,INVASAO_FAIXA,Cruzou Linha de Retencao,14260,Carro,0.617,Camera 1,C:\Users\Joice\frontend cognimove\CogniMove\backend\outputs\evidencias\screenshots\INVASAO_FAIXA_20260911_204030_ID14260.jpg,C:\Users\Joice\frontend cognimove\CogniMove\backend\outputs\evidencias\clips\INVASAO_FAIXA_20260911_204030_ID14260.mp4,Pintura desgastada / ausente,0.35,,"{""Pintura desgastada / ausente"": 0.35, ""Sinalização pouco visível"": 0.25, ""Ausência de segregador físico"": 0.2, ""Conduta do condutor"": 0.2}"
2026-09-11T20:40:40.826930,12184,INVASAO_FAIXA,Cruzou Linha de Retencao,14289,Carro,0.577,Camera 1,C:\Users\Joice\frontend cognimove\CogniMove\backend\outputs\evidencias\screenshots\INVASAO_FAIXA_20260911_204040_ID14289.jpg,C:\Users\Joice\frontend cognimove\CogniMove\backend\outputs\evidencias\clips\INVASAO_FAIXA_20260911_204040_ID14289.mp4,Pintura desgastada / ausente,0.35,,"{""Pintura desgastada / ausente"": 0.35, ""Sinalização pouco visível"": 0.25, ""Ausência de segregador físico"": 0.2, ""Conduta do condutor"": 0.2}"
2026-09-11T20:40:52.015965,12199,INVASAO_FAIXA,Cruzou Linha de Retencao,14300,Carro,0.697,Camera 1,C:\Users\Joice\frontend cognimove\CogniMove\backend\outputs\evidencias\screenshots\INVASAO_FAIXA_20260911_204052_ID14300.jpg,C:\Users\Joice\frontend cognimove\CogniMove\backend\outputs\evidencias\clips\INVASAO_FAIXA_20260911_204052_ID14300.mp4,Pintura desgastada / ausente,0.35,,"{""Pintura desgastada / ausente"": 0.35, ""Sinalização pouco visível"": 0.25, ""Ausência de segregador físico"": 0.2, ""Conduta do condutor"": 0.2}"
2026-09-11T20:42:25.107647,12338,INVASAO_FAIXA,Cruzou Linha de Retencao,14490,Carro,0.831,Camera 1,C:\Users\Joice\frontend cognimove\CogniMove\backend\outputs\evidencias\screenshots\INVASAO_FAIXA_20260911_204225_ID14490.jpg,C:\Users\Joice\frontend cognimove\CogniMove\backend\outputs\evidencias\clips\INVASAO_FAIXA_20260911_204225_ID14490.mp4,Pintura desgastada / ausente,0.35,,"{""Pintura desgastada / ausente"": 0.35, ""Sinalização pouco visível"": 0.25, ""Ausência de segregador físico"": 0.2, ""Conduta do condutor"": 0.2}"
2026-09-11T20:42:32.960286,12349,INVASAO_FAIXA,Cruzou Linha de Retencao,14502,Carro,0.844,Camera 1,C:\Users\Joice\frontend cognimove\CogniMove\backend\outputs\evidencias\screenshots\INVASAO_FAIXA_20260911_204232_ID14502.jpg,C:\Users\Joice\frontend cognimove\CogniMove\backend\outputs\evidencias\clips\INVASAO_FAIXA_20260911_204232_ID14502.mp4,Pintura desgastada / ausente,0.35,,"{""Pintura desgastada / ausente"": 0.35, ""Sinalização pouco visível"": 0.25, ""Ausência de segregador físico"": 0.2, ""Conduta do condutor"": 0.2}"
2026-09-11T20:44:37.943193,12540,INVASAO_FAIXA,Cruzou Linha de Retencao,14635,Carro,0.47,Camera 1,C:\Users\Joice\frontend cognimove\CogniMove\backend\outputs\evidencias\screenshots\INVASAO_FAIXA_20260911_204437_ID14635.jpg,C:\Users\Joice\frontend cognimove\CogniMove\backend\outputs\evidencias\clips\INVASAO_FAIXA_20260911_204437_ID14635.mp4,Pintura desgastada / ausente,0.35,,"{""Pintura desgastada / ausente"": 0.35, ""Sinalização pouco visível"": 0.25, ""Ausência de segregador físico"": 0.2, ""Conduta do condutor"": 0.2}"
2026-09-11T20:44:44.202182,12549,INVASAO_FAIXA,Cruzou Linha de Retencao,14648,Carro,0.764,Camera 1,C:\Users\Joice\frontend cognimove\CogniMove\backend\outputs\evidencias\screenshots\INVASAO_FAIXA_20260911_204444_ID14648.jpg,C:\Users\Joice\frontend cognimove\CogniMove\backend\outputs\evidencias\clips\INVASAO_FAIXA_20260911_204444_ID14648.mp4,Pintura desgastada / ausente,0.35,,"{""Pintura desgastada / ausente"": 0.35, ""Sinalização pouco visível"": 0.25, ""Ausência de segregador físico"": 0.2, ""Conduta do condutor"": 0.2}"
2026-09-11T20:44:49.517857,12556,INVASAO_FAIXA,Cruzou Linha de Retencao,14660,Carro,0.668,Camera 1,C:\Users\Joice\frontend cognimove\CogniMove\backend\outputs\evidencias\screenshots\INVASAO_FAIXA_20260911_204449_ID14660.jpg,C:\Users\Joice\frontend cognimove\CogniMove\backend\outputs\evidencias\clips\INVASAO_FAIXA_20260911_204449_ID14660.mp4,Pintura desgastada / ausente,0.35,,"{""Pintura desgastada / ausente"": 0.35, ""Sinalização pouco visível"": 0.25, ""Ausência de segregador físico"": 0.2, ""Conduta do condutor"": 0.2}"
2026-09-11T20:44:54.704744,12562,INVASAO_FAIXA,Cruzou Linha de Retencao,14668,Carro,0.458,Camera 1,C:\Users\Joice\frontend cognimove\CogniMove\backend\outputs\evidencias\screenshots\INVASAO_FAIXA_20260911_204454_ID14668.jpg,C:\Users\Joice\frontend cognimove\CogniMove\backend\outputs\evidencias\clips\INVASAO_FAIXA_20260911_204454_ID14668.mp4,Pintura desgastada / ausente,0.35,,"{""Pintura desgastada / ausente"": 0.35, ""Sinalização pouco visível"": 0.25, ""Ausência de segregador físico"": 0.2, ""Conduta do condutor"": 0.2}"
2026-09-11T20:45:09.936769,12578,INVASAO_FAIXA,Cruzou Linha de Retencao,14676,Carro,0.726,Camera 1,C:\Users\Joice\frontend cognimove\CogniMove\backend\outputs\evidencias\screenshots\INVASAO_FAIXA_20260911_204509_ID14676.jpg,C:\Users\Joice\frontend cognimove\CogniMove\backend\outputs\evidencias\clips\INVASAO_FAIXA_20260911_204509_ID14676.mp4,Pintura desgastada / ausente,0.35,,"{""Pintura desgastada / ausente"": 0.35, ""Sinalização pouco visível"": 0.25, ""Ausência de segregador físico"": 0.2, ""Conduta do condutor"": 0.2}"
2026-09-11T20:45:22.449863,12594,INVASAO_FAIXA,Cruzou Linha de Retencao,14696,Carro,0.67,Camera 1,C:\Users\Joice\frontend cognimove\CogniMove\backend\outputs\evidencias\screenshots\INVASAO_FAIXA_20260911_204522_ID14696.jpg,C:\Users\Joice\frontend cognimove\CogniMove\backend\outputs\evidencias\clips\INVASAO_FAIXA_20260911_204522_ID14696.mp4,Pintura desgastada / ausente,0.35,,"{""Pintura desgastada / ausente"": 0.35, ""Sinalização pouco visível"": 0.25, ""Ausência de segregador físico"": 0.2, ""Conduta do condutor"": 0.2}"
2026-09-11T20:45:29.948786,12606,INVASAO_FAIXA,Cruzou Linha de Retencao,14674,Carro,0.547,Camera 1,C:\Users\Joice\frontend cognimove\CogniMove\backend\outputs\evidencias\screenshots\INVASAO_FAIXA_20260911_204529_ID14674.jpg,C:\Users\Joice\frontend cognimove\CogniMove\backend\outputs\evidencias\clips\INVASAO_FAIXA_20260911_204529_ID14674.mp4,Pintura desgastada / ausente,0.35,,"{""Pintura desgastada / ausente"": 0.35, ""Sinalização pouco visível"": 0.25, ""Ausência de segregador físico"": 0.2, ""Conduta do condutor"": 0.2}"
2026-09-11T20:45:32.682734,12610,INVASAO_FAIXA,Cruzou Linha de Retencao,14706,Carro,0.716,Camera 1,C:\Users\Joice\frontend cognimove\CogniMove\backend\outputs\evidencias\screenshots\INVASAO_FAIXA_20260911_204532_ID14706.jpg,C:\Users\Joice\frontend cognimove\CogniMove\backend\outputs\evidencias\clips\INVASAO_FAIXA_20260911_204532_ID14706.mp4,Pintura desgastada / ausente,0.35,,"{""Pintura desgastada / ausente"": 0.35, ""Sinalização pouco visível"": 0.25, ""Ausência de segregador físico"": 0.2, ""Conduta do condutor"": 0.2}"
2026-09-11T20:45:45.402876,12626,INVASAO_FAIXA,Cruzou Linha de Retencao,14715,Carro,0.749,Camera 1,C:\Users\Joice\frontend cognimove\CogniMove\backend\outputs\evidencias\screenshots\INVASAO_FAIXA_20260911_204545_ID14715.jpg,C:\Users\Joice\frontend cognimove\CogniMove\backend\outputs\evidencias\clips\INVASAO_FAIXA_20260911_204545_ID14715.mp4,Pintura desgastada / ausente,0.35,,"{""Pintura desgastada / ausente"": 0.35, ""Sinalização pouco visível"": 0.25, ""Ausência de segregador físico"": 0.2, ""Conduta do condutor"": 0.2}"
2026-09-11T20:45:51.681265,12633,INVASAO_FAIXA,Cruzou Linha de Retencao,14710,Carro,0.644,Camera 1,C:\Users\Joice\frontend cognimove\CogniMove\backend\outputs\evidencias\screenshots\INVASAO_FAIXA_20260911_204551_ID14710.jpg,C:\Users\Joice\frontend cognimove\CogniMove\backend\outputs\evidencias\clips\INVASAO_FAIXA_20260911_204551_ID14710.mp4,Pintura desgastada / ausente,0.35,,"{""Pintura desgastada / ausente"": 0.35, ""Sinalização pouco visível"": 0.25, ""Ausência de segregador físico"": 0.2, ""Conduta do condutor"": 0.2}"
2026-09-11T20:46:00.492165,12644,INVASAO_FAIXA,Cruzou Linha de Retencao,14714,Carro,0.718,Camera 1,C:\Users\Joice\frontend cognimove\CogniMove\backend\outputs\evidencias\screenshots\INVASAO_FAIXA_20260911_204600_ID14714.jpg,C:\Users\Joice\frontend cognimove\CogniMove\backend\outputs\evidencias\clips\INVASAO_FAIXA_20260911_204600_ID14714.mp4,Pintura desgastada / ausente,0.35,,"{""Pintura desgastada / ausente"": 0.35, ""Sinalização pouco visível"": 0.25, ""Ausência de segregador físico"": 0.2, ""Conduta do condutor"": 0.2}"
2026-09-11T20:46:02.232124,12647,INVASAO_FAIXA,Cruzou Linha de Retencao,14725,Carro,0.583,Camera 1,C:\Users\Joice\frontend cognimove\CogniMove\backend\outputs\evidencias\screenshots\INVASAO_FAIXA_20260911_204602_ID14725.jpg,C:\Users\Joice\frontend cognimove\CogniMove\backend\outputs\evidencias\clips\INVASAO_FAIXA_20260911_204602_ID14725.mp4,Pintura desgastada / ausente,0.35,,"{""Pintura desgastada / ausente"": 0.35, ""Sinalização pouco visível"": 0.25, ""Ausência de segregador físico"": 0.2, ""Conduta do condutor"": 0.2}"
2026-09-11T20:46:09.869051,12657,INVASAO_FAIXA,Cruzou Linha de Retencao,14734,Carro,0.357,Camera 1,C:\Users\Joice\frontend cognimove\CogniMove\backend\outputs\evidencias\screenshots\INVASAO_FAIXA_20260911_204609_ID14734.jpg,C:\Users\Joice\frontend cognimove\CogniMove\backend\outputs\evidencias\clips\INVASAO_FAIXA_20260911_204609_ID14734.mp4,Pintura desgastada / ausente,0.35,,"{""Pintura desgastada / ausente"": 0.35, ""Sinalização pouco visível"": 0.25, ""Ausência de segregador físico"": 0.2, ""Conduta do condutor"": 0.2}"
2026-09-11T20:46:20.309741,12673,INVASAO_FAIXA,Cruzou Linha de Retencao,14755,Caminhao,0.482,Camera 1,C:\Users\Joice\frontend cognimove\CogniMove\backend\outputs\evidencias\screenshots\INVASAO_FAIXA_20260911_204620_ID14755.jpg,C:\Users\Joice\frontend cognimove\CogniMove\backend\outputs\evidencias\clips\INVASAO_FAIXA_20260911_204620_ID14755.mp4,Pintura desgastada / ausente,0.35,,"{""Pintura desgastada / ausente"": 0.35, ""Sinalização pouco visível"": 0.25, ""Ausência de segregador físico"": 0.2, ""Conduta do condutor"": 0.2}"
2026-09-11T20:46:41.898132,12707,INVASAO_FAIXA,Cruzou Linha de Retencao,14736,Carro,0.404,Camera 1,C:\Users\Joice\frontend cognimove\CogniMove\backend\outputs\evidencias\screenshots\INVASAO_FAIXA_20260911_204641_ID14736.jpg,C:\Users\Joice\frontend cognimove\CogniMove\backend\outputs\evidencias\clips\INVASAO_FAIXA_20260911_204641_ID14736.mp4,Pintura desgastada / ausente,0.35,,"{""Pintura desgastada / ausente"": 0.35, ""Sinalização pouco visível"": 0.25, ""Ausência de segregador físico"": 0.2, ""Conduta do condutor"": 0.2}"
2026-09-11T20:46:45.341977,12713,INVASAO_FAIXA,Cruzou Linha de Retencao,14777,Carro,0.704,Camera 1,C:\Users\Joice\frontend cognimove\CogniMove\backend\outputs\evidencias\screenshots\INVASAO_FAIXA_20260911_204645_ID14777.jpg,C:\Users\Joice\frontend cognimove\CogniMove\backend\outputs\evidencias\clips\INVASAO_FAIXA_20260911_204645_ID14777.mp4,Pintura desgastada / ausente,0.35,,"{""Pintura desgastada / ausente"": 0.35, ""Sinalização pouco visível"": 0.25, ""Ausência de segregador físico"": 0.2, ""Conduta do condutor"": 0.2}"
2026-09-11T20:46:49.539650,12720,INVASAO_FAIXA,Cruzou Linha de Retencao,14771,Carro,0.357,Camera 1,C:\Users\Joice\frontend cognimove\CogniMove\backend\outputs\evidencias\screenshots\INVASAO_FAIXA_20260911_204649_ID14771.jpg,C:\Users\Joice\frontend cognimove\CogniMove\backend\outputs\evidencias\clips\INVASAO_FAIXA_20260911_204649_ID14771.mp4,Pintura desgastada / ausente,0.35,,"{""Pintura desgastada / ausente"": 0.35, ""Sinalização pouco visível"": 0.25, ""Ausência de segregador físico"": 0.2, ""Conduta do condutor"": 0.2}"
2026-09-11T20:46:56.943910,12732,INVASAO_FAIXA,Cruzou Linha de Retencao,14774,Carro,0.703,Camera 1,C:\Users\Joice\frontend cognimove\CogniMove\backend\outputs\evidencias\screenshots\INVASAO_FAIXA_20260911_204656_ID14774.jpg,C:\Users\Joice\frontend cognimove\CogniMove\backend\outputs\evidencias\clips\INVASAO_FAIXA_20260911_204656_ID14774.mp4,Pintura desgastada / ausente,0.35,,"{""Pintura desgastada / ausente"": 0.35, ""Sinalização pouco visível"": 0.25, ""Ausência de segregador físico"": 0.2, ""Conduta do condutor"": 0.2}"
2026-09-11T20:46:57.486184,12733,INVASAO_FAIXA,Cruzou Linha de Retencao,14790,Carro,0.808,Camera 1,C:\Users\Joice\frontend cognimove\CogniMove\backend\outputs\evidencias\screenshots\INVASAO_FAIXA_20260911_204657_ID14790.jpg,C:\Users\Joice\frontend cognimove\CogniMove\backend\outputs\evidencias\clips\INVASAO_FAIXA_20260911_204657_ID14790.mp4,Pintura desgastada / ausente,0.35,,"{""Pintura desgastada / ausente"": 0.35, ""Sinalização pouco visível"": 0.25, ""Ausência de segregador físico"": 0.2, ""Conduta do condutor"": 0.2}"
2026-09-11T20:47:03.779274,12742,INVASAO_FAIXA,Cruzou Linha de Retencao,14795,Carro,0.715,Camera 1,C:\Users\Joice\frontend cognimove\CogniMove\backend\outputs\evidencias\screenshots\INVASAO_FAIXA_20260911_204703_ID14795.jpg,C:\Users\Joice\frontend cognimove\CogniMove\backend\outputs\evidencias\clips\INVASAO_FAIXA_20260911_204703_ID14795.mp4,Pintura desgastada / ausente,0.35,,"{""Pintura desgastada / ausente"": 0.35, ""Sinalização pouco visível"": 0.25, ""Ausência de segregador físico"": 0.2, ""Conduta do condutor"": 0.2}"
2026-09-11T20:47:10.666965,12753,INVASAO_FAIXA,Cruzou Linha de Retencao,14810,Carro,0.73,Camera 1,C:\Users\Joice\frontend cognimove\CogniMove\backend\outputs\evidencias\screenshots\INVASAO_FAIXA_20260911_204710_ID14810.jpg,C:\Users\Joice\frontend cognimove\CogniMove\backend\outputs\evidencias\clips\INVASAO_FAIXA_20260911_204710_ID14810.mp4,Pintura desgastada / ausente,0.35,,"{""Pintura desgastada / ausente"": 0.35, ""Sinalização pouco visível"": 0.25, ""Ausência de segregador físico"": 0.2, ""Conduta do condutor"": 0.2}"
2026-09-11T20:47:14.178219,12758,INVASAO_FAIXA,Cruzou Linha de Retencao,14813,Carro,0.563,Camera 1,C:\Users\Joice\frontend cognimove\CogniMove\backend\outputs\evidencias\screenshots\INVASAO_FAIXA_20260911_204714_ID14813.jpg,C:\Users\Joice\frontend cognimove\CogniMove\backend\outputs\evidencias\clips\INVASAO_FAIXA_20260911_204714_ID14813.mp4,Pintura desgastada / ausente,0.35,,"{""Pintura desgastada / ausente"": 0.35, ""Sinalização pouco visível"": 0.25, ""Ausência de segregador físico"": 0.2, ""Conduta do condutor"": 0.2}"
2026-09-11T20:47:27.074336,12778,INVASAO_FAIXA,Cruzou Linha de Retencao,14846,Carro,0.638,Camera 1,C:\Users\Joice\frontend cognimove\CogniMove\backend\outputs\evidencias\screenshots\INVASAO_FAIXA_20260911_204727_ID14846.jpg,C:\Users\Joice\frontend cognimove\CogniMove\backend\outputs\evidencias\clips\INVASAO_FAIXA_20260911_204727_ID14846.mp4,Pintura desgastada / ausente,0.35,,"{""Pintura desgastada / ausente"": 0.35, ""Sinalização pouco visível"": 0.25, ""Ausência de segregador físico"": 0.2, ""Conduta do condutor"": 0.2}"
2026-09-11T20:47:31.446189,12784,INVASAO_FAIXA,Cruzou Linha de Retencao,14858,Carro,0.613,Camera 1,C:\Users\Joice\frontend cognimove\CogniMove\backend\outputs\evidencias\screenshots\INVASAO_FAIXA_20260911_204731_ID14858.jpg,C:\Users\Joice\frontend cognimove\CogniMove\backend\outputs\evidencias\clips\INVASAO_FAIXA_20260911_204731_ID14858.mp4,Pintura desgastada / ausente,0.35,,"{""Pintura desgastada / ausente"": 0.35, ""Sinalização pouco visível"": 0.25, ""Ausência de segregador físico"": 0.2, ""Conduta do condutor"": 0.2}"
2026-09-11T20:47:39.909569,12796,INVASAO_FAIXA,Cruzou Linha de Retencao,14875,Carro,0.673,Camera 1,C:\Users\Joice\frontend cognimove\CogniMove\backend\outputs\evidencias\screenshots\INVASAO_FAIXA_20260911_204739_ID14875.jpg,C:\Users\Joice\frontend cognimove\CogniMove\backend\outputs\evidencias\clips\INVASAO_FAIXA_20260911_204739_ID14875.mp4,Pintura desgastada / ausente,0.35,,"{""Pintura desgastada / ausente"": 0.35, ""Sinalização pouco visível"": 0.25, ""Ausência de segregador físico"": 0.2, ""Conduta do condutor"": 0.2}"
2026-09-11T20:47:58.959319,12826,INVASAO_FAIXA,Cruzou Linha de Retencao,14876,Carro,0.294,Camera 1,C:\Users\Joice\frontend cognimove\CogniMove\backend\outputs\evidencias\screenshots\INVASAO_FAIXA_20260911_204758_ID14876.jpg,C:\Users\Joice\frontend cognimove\CogniMove\backend\outputs\evidencias\clips\INVASAO_FAIXA_20260911_204758_ID14876.mp4,Pintura desgastada / ausente,0.35,,"{""Pintura desgastada / ausente"": 0.35, ""Sinalização pouco visível"": 0.25, ""Ausência de segregador físico"": 0.2, ""Conduta do condutor"": 0.2}"
2026-09-11T20:48:19.741523,12862,INVASAO_FAIXA,Cruzou Linha de Retencao,14913,Carro,0.87,Camera 1,C:\Users\Joice\frontend cognimove\CogniMove\backend\outputs\evidencias\screenshots\INVASAO_FAIXA_20260911_204819_ID14913.jpg,C:\Users\Joice\frontend cognimove\CogniMove\backend\outputs\evidencias\clips\INVASAO_FAIXA_20260911_204819_ID14913.mp4,Pintura desgastada / ausente,0.35,,"{""Pintura desgastada / ausente"": 0.35, ""Sinalização pouco visível"": 0.25, ""Ausência de segregador físico"": 0.2, ""Conduta do condutor"": 0.2}"
2026-09-11T20:48:38.458434,12885,INVASAO_FAIXA,Cruzou Linha de Retencao,14952,Carro,0.67,Camera 1,C:\Users\Joice\frontend cognimove\CogniMove\backend\outputs\evidencias\screenshots\INVASAO_FAIXA_20260911_204838_ID14952.jpg,C:\Users\Joice\frontend cognimove\CogniMove\backend\outputs\evidencias\clips\INVASAO_FAIXA_20260911_204838_ID14952.mp4,Pintura desgastada / ausente,0.35,,"{""Pintura desgastada / ausente"": 0.35, ""Sinalização pouco visível"": 0.25, ""Ausência de segregador físico"": 0.2, ""Conduta do condutor"": 0.2}"
2026-09-11T20:48:51.926215,12902,INVASAO_FAIXA,Cruzou Linha de Retencao,14964,Carro,0.662,Camera 1,C:\Users\Joice\frontend cognimove\CogniMove\backend\outputs\evidencias\screenshots\INVASAO_FAIXA_20260911_204851_ID14964.jpg,C:\Users\Joice\frontend cognimove\CogniMove\backend\outputs\evidencias\clips\INVASAO_FAIXA_20260911_204851_ID14964.mp4,Pintura desgastada / ausente,0.35,,"{""Pintura desgastada / ausente"": 0.35, ""Sinalização pouco visível"": 0.25, ""Ausência de segregador físico"": 0.2, ""Conduta do condutor"": 0.2}"
2026-09-11T20:49:28.024105,12953,INVASAO_FAIXA,Cruzou Linha de Retencao,15022,Carro,0.827,Camera 1,C:\Users\Joice\frontend cognimove\CogniMove\backend\outputs\evidencias\screenshots\INVASAO_FAIXA_20260911_204928_ID15022.jpg,C:\Users\Joice\frontend cognimove\CogniMove\backend\outputs\evidencias\clips\INVASAO_FAIXA_20260911_204928_ID15022.mp4,Pintura desgastada / ausente,0.35,,"{""Pintura desgastada / ausente"": 0.35, ""Sinalização pouco visível"": 0.25, ""Ausência de segregador físico"": 0.2, ""Conduta do condutor"": 0.2}"
2026-09-11T20:49:44.339947,12983,INVASAO_FAIXA,Cruzou Linha de Retencao,15031,Carro,0.744,Camera 1,C:\Users\Joice\frontend cognimove\CogniMove\backend\outputs\evidencias\screenshots\INVASAO_FAIXA_20260911_204944_ID15031.jpg,C:\Users\Joice\frontend cognimove\CogniMove\backend\outputs\evidencias\clips\INVASAO_FAIXA_20260911_204944_ID15031.mp4,Pintura desgastada / ausente,0.35,,"{""Pintura desgastada / ausente"": 0.35, ""Sinalização pouco visível"": 0.25, ""Ausência de segregador físico"": 0.2, ""Conduta do condutor"": 0.2}"
2026-09-11T20:50:25.326192,13055,INVASAO_FAIXA,Cruzou Linha de Retencao,15095,Carro,0.845,Camera 1,C:\Users\Joice\frontend cognimove\CogniMove\backend\outputs\evidencias\screenshots\INVASAO_FAIXA_20260911_205025_ID15095.jpg,C:\Users\Joice\frontend cognimove\CogniMove\backend\outputs\evidencias\clips\INVASAO_FAIXA_20260911_205025_ID15095.mp4,Pintura desgastada / ausente,0.35,,"{""Pintura desgastada / ausente"": 0.35, ""Sinalização pouco visível"": 0.25, ""Ausência de segregador físico"": 0.2, ""Conduta do condutor"": 0.2}"
2026-09-11T20:50:48.459198,13082,INVASAO_FAIXA,Cruzou Linha de Retencao,15119,Carro,0.822,Camera 1,C:\Users\Joice\frontend cognimove\CogniMove\backend\outputs\evidencias\screenshots\INVASAO_FAIXA_20260911_205048_ID15119.jpg,C:\Users\Joice\frontend cognimove\CogniMove\backend\outputs\evidencias\clips\INVASAO_FAIXA_20260911_205048_ID15119.mp4,Pintura desgastada / ausente,0.35,,"{""Pintura desgastada / ausente"": 0.35, ""Sinalização pouco visível"": 0.25, ""Ausência de segregador físico"": 0.2, ""Conduta do condutor"": 0.2}"
